City_ID,City,Country,Date,Lat,Lng,Max Temp,Humidity,Cloudiness,Wind Speed
0,Hobart,AU,5/29/2022 23:55,-42.8794,147.3294,48.06,87,20,8.05
1,Khailar,IN,5/29/2022 23:56,25.35,78.5333,93.36,29,1,16.64
2,Albany,US,5/29/2022 23:56,42.6001,-73.9662,74.05,59,22,2.62
3,Hithadhoo,MV,5/29/2022 23:56,-0.6,73.0833,83.3,69,99,10.11
4,Kapaa,US,5/29/2022 23:56,22.0752,-159.319,76.12,94,96,1.01
5,Narsaq,GL,5/29/2022 23:56,60.9167,-46.05,37.85,89,33,6.15
6,Khandyga,RU,5/29/2022 23:56,62.6667,135.6,47.8,94,100,5.12
7,Wilmington,US,5/29/2022 23:52,34.2257,-77.9447,80.51,72,31,5.12
8,Belokurikha,RU,5/29/2022 23:56,51.9959,84.9896,57.76,82,2,7.9
9,Rikitea,PF,5/29/2022 23:56,-23.1203,-134.9692,76.69,69,8,12.95
10,Qaqortoq,GL,5/29/2022 23:56,60.7167,-46.0333,37.76,87,33,6.82
11,Vaini,TO,5/29/2022 23:56,-21.2,-175.2,82.56,83,20,9.22
12,Severo-Kurilsk,RU,5/29/2022 23:56,50.6789,156.125,43.99,83,83,10.58
13,Thompson,CA,5/29/2022 23:56,55.7435,-97.8558,53.76,94,100,5.75
14,Sibu,MY,5/29/2022 23:56,2.3,111.8167,75.51,88,40,5.01
15,Cape Town,ZA,5/29/2022 23:56,-33.9258,18.4232,58.37,75,0,4.61
16,Georgetown,MY,5/29/2022 23:52,5.4112,100.3354,80.53,93,20,2.3
17,Victoria,HK,5/29/2022 23:56,22.2855,114.1577,84.38,83,41,8.01
18,Itaituba,BR,5/29/2022 23:56,-4.2761,-55.9836,75.6,95,93,1.81
19,Punta Arenas,CL,5/29/2022 23:52,-53.15,-70.9167,41.11,75,40,18.41
20,Key Largo,US,5/29/2022 23:56,25.0865,-80.4473,77.99,66,74,9.06
21,Atuona,PF,5/29/2022 23:56,-9.8,-139.0333,78.1,73,18,15.82
22,Cidreira,BR,5/29/2022 23:56,-30.1811,-50.2056,60.28,83,100,11.54
23,Bluff,NZ,5/29/2022 23:56,-46.6,168.3333,49.8,65,100,8.19
24,Port Augusta,AU,5/29/2022 23:56,-32.5,137.7667,55.09,68,93,32.75
25,Ushuaia,AR,5/29/2022 23:56,-54.8,-68.3,38.86,87,100,24.16
26,Dunedin,NZ,5/29/2022 23:54,-45.8742,170.5036,53.8,75,100,11.01
27,Sao Joao Da Barra,BR,5/29/2022 23:56,-21.6403,-41.0511,73.56,88,7,16.17
28,Bumba,CD,5/29/2022 23:56,2.1833,22.4667,70.41,89,33,2.17
29,Yar-Sale,RU,5/29/2022 23:56,66.8333,70.8333,34.61,75,5,16.6
30,Hailar,CN,5/29/2022 23:56,49.2,119.7,52.34,40,10,10.09
31,Katsuura,JP,5/29/2022 23:56,35.1333,140.3,72.14,72,78,14
32,Uarini,BR,5/29/2022 23:56,-2.99,-65.1083,74.91,95,51,0.63
33,Arraial Do Cabo,BR,5/29/2022 23:56,-22.9661,-42.0278,73.36,73,0,5.75
34,Hermanus,ZA,5/29/2022 23:56,-34.4187,19.2345,55.62,63,12,5.23
35,Sobolevo,RU,5/29/2022 23:56,54.4299,31.8996,41.92,89,21,4.16
36,Bambous Virieux,MU,5/29/2022 23:54,-20.3428,57.7575,73.65,60,75,17.27
37,Tautira,PF,5/29/2022 23:56,-17.7333,-149.15,79.23,70,49,5.86
38,Busselton,AU,5/29/2022 23:56,-33.65,115.3333,56.17,82,57,5.26
39,Ponta Do Sol,PT,5/29/2022 23:56,32.6667,-17.1,68,81,99,8.93
40,Ilulissat,GL,5/29/2022 23:56,69.2167,-51.1,32.94,87,6,4
41,Richards Bay,ZA,5/29/2022 23:56,-28.783,32.0377,69.13,73,32,19.48
42,Atar,MR,5/29/2022 23:55,20.5169,-13.0499,89.87,27,25,6.6
43,Cayenne,GF,5/29/2022 23:56,4.9333,-52.3333,81.09,1,75,4
44,Te Anau,NZ,5/29/2022 23:56,-45.4167,167.7167,48.65,74,100,1.39
45,Sisimiut,GL,5/29/2022 23:56,66.9395,-53.6735,38.77,64,2,3.83
46,Avarua,CK,5/29/2022 23:57,-21.2078,-159.775,77.05,78,75,11.5
47,Jamestown,US,5/29/2022 23:54,42.097,-79.2353,74.84,61,0,5.75
48,Oyama,JP,5/29/2022 23:57,36.3,139.8,76.59,41,76,4.56
49,Port Macquarie,AU,5/29/2022 23:57,-31.4333,152.9167,59.9,59,97,8.3
50,Catuday,PH,5/29/2022 23:57,16.2923,119.8062,81.82,77,83,9.62
51,Saint-Philippe,RE,5/29/2022 23:57,-21.3585,55.7679,69.39,74,65,13.98
52,Bazarnyye Mataki,RU,5/29/2022 23:57,54.8833,49.9333,48.07,96,92,7.7
53,Arlit,NE,5/29/2022 23:57,18.7369,7.3853,91.76,9,66,9.62
54,Puerto Ayora,EC,5/29/2022 23:57,-0.7393,-90.3518,75.16,83,91,6.46
55,Aloleng,PH,5/29/2022 23:57,16.1307,119.7824,83.62,77,69,8.77
56,Yulara,AU,5/29/2022 23:56,-25.2406,130.9889,50.79,43,98,19.71
57,Los Llanos De Aridane,ES,5/29/2022 23:57,28.6585,-17.9182,64.15,82,0,5.75
58,Rock Springs,US,5/29/2022 23:55,41.5875,-109.2029,50.05,55,94,15.01
59,Rokupr,SL,5/29/2022 23:57,8.6717,-12.395,77.43,90,92,3.91
60,Palu,ID,5/29/2022 23:57,-0.8917,119.8707,79.57,76,88,0.81
61,Clyde River,CA,5/29/2022 23:57,70.4692,-68.5914,32.23,47,0,5.75
62,Tangjiazhuang,CN,5/29/2022 23:57,39.7333,118.45,69.01,26,0,5.41
63,Carnarvon,AU,5/29/2022 23:57,-24.8667,113.6333,63.9,41,65,23.02
64,Kirakira,SB,5/29/2022 23:57,-10.4544,161.9205,84.16,72,36,6.64
65,Torbay,CA,5/29/2022 23:57,47.6666,-52.7314,57.97,77,20,16.11
66,Guamal,CO,5/29/2022 23:57,9.1433,-74.2238,81.09,79,17,3.71
67,Fairbanks,US,5/29/2022 23:57,64.8378,-147.7164,73.6,32,0,14.97
68,Khatanga,RU,5/29/2022 23:57,71.9667,102.5,33.87,69,52,13.04
69,Butaritari,KI,5/29/2022 23:57,3.0707,172.7902,81.97,73,99,15.57
70,Izhma,RU,5/29/2022 23:57,65.0083,53.9113,50.43,93,55,5.88
71,Palmer,US,5/29/2022 23:57,42.1584,-72.3287,70.52,60,17,3.94
72,Mataura,NZ,5/29/2022 23:57,-46.1927,168.8643,49.48,64,100,4.59
73,Coquimbo,CL,5/29/2022 23:56,-29.9533,-71.3436,55.13,82,0,2.3
74,Norman Wells,CA,5/29/2022 23:57,65.282,-126.8329,62.64,36,75,10.36
75,Bodden Town,KY,5/29/2022 23:57,19.2833,-81.25,84.2,72,40,11.5
76,Pangai,TO,5/29/2022 23:57,-19.8,-174.35,84.31,74,20,8.05
77,Kautokeino,NO,5/29/2022 23:57,69.0125,23.0412,41.86,73,28,13.6
78,Nome,US,5/29/2022 23:57,64.5011,-165.4064,54.16,92,40,5.75
79,Toila,EE,5/29/2022 23:57,59.4236,27.5025,46.11,88,31,5.35
80,Lasa,IT,5/29/2022 23:57,46.6166,10.7002,42.37,93,83,1.1
81,Chokurdakh,RU,5/29/2022 23:57,70.6333,147.9167,37.94,83,100,8.34
82,New Norfolk,AU,5/29/2022 23:57,-42.7826,147.0587,47.71,86,87,1.57
83,Nanortalik,GL,5/29/2022 23:57,60.1432,-45.2371,38.46,86,76,8.48
84,Byron Bay,AU,5/29/2022 23:55,-28.65,153.6167,56.71,59,100,7.23
85,Constitucion,CL,5/29/2022 23:57,-35.3333,-72.4167,44.91,64,25,5.93
86,Bengkulu,ID,5/29/2022 23:58,-3.8004,102.2655,75.43,90,52,4.43
87,Luwuk,ID,5/29/2022 23:58,-0.9516,122.7875,82.8,72,76,0.16
88,Kahului,US,5/29/2022 23:55,20.8947,-156.47,81.84,75,100,8.01
89,Saskylakh,RU,5/29/2022 23:58,71.9167,114.0833,27.01,94,100,5.3
90,Sola,VU,5/29/2022 23:58,-13.8833,167.55,81.3,74,23,4.79
91,Yellowknife,CA,5/29/2022 23:57,62.456,-114.3525,54.12,30,20,13.8
92,Hamilton,US,5/29/2022 23:55,39.1834,-84.5333,79.57,62,4,1.99
93,Udachnyy,RU,5/29/2022 23:58,66.4167,112.4,46.45,52,98,12.28
94,Vao,NC,5/29/2022 23:59,-22.6667,167.4833,73.81,76,88,3.8
95,Pombas,CV,5/29/2022 23:59,17.1503,-25.0201,71.38,83,35,10.09
96,Monrovia,LR,5/29/2022 23:59,6.3005,-10.7969,78.55,85,99,4.88
97,Grindavik,IS,5/29/2022 23:59,63.8424,-22.4338,46.35,100,14,5.75
98,Jalu,LY,5/29/2022 23:59,29.0331,21.5482,80.56,29,0,10.63
99,Sarahan,IN,5/29/2022 23:59,31.5167,77.8,56.05,54,26,6.73
100,Karwar,IN,5/29/2022 23:59,14.8,74.1333,79.97,81,66,7.54
101,Estelle,US,5/29/2022 23:59,29.8458,-90.1067,87.01,53,45,10
102,Corrales,US,5/29/2022 23:59,35.2378,-106.6067,87.4,7,0,32.21
103,Hambantota,LK,5/29/2022 23:54,6.1241,81.1185,79.93,81,99,16.93
104,Broken Hill,AU,5/29/2022 23:59,-31.95,141.4333,49.12,73,77,31.81
105,Petropavlovsk-Kamchatskiy,RU,5/29/2022 23:59,53.0452,158.6483,41.59,87,100,8.95
106,Kodiak,US,5/29/2022 23:59,57.79,-152.4072,55.08,68,7,6.35
107,Cherskiy,RU,5/29/2022 23:59,68.75,161.3,45.61,47,68,6.73
108,Aklavik,CA,5/29/2022 23:59,68.2191,-135.0107,41.47,77,100,7.67
109,Broome,US,5/29/2022 23:56,42.2506,-75.833,72.37,60,11,1.16
110,Berlevag,NO,5/29/2022 23:59,70.8578,29.0864,39.15,87,13,6.91
111,Turukhansk,RU,5/29/2022 23:59,65.8167,87.9833,47.89,62,88,11.97
112,Saint George,US,5/29/2022 23:59,37.1041,-113.5841,82.63,5,2,15.01
113,Douglas,US,5/29/2022 23:59,41.3,-96.167,86.18,57,0,14.97
114,Verkhoyansk,RU,5/29/2022 23:59,67.5447,133.385,48.2,56,89,6.31
115,Hami,CN,5/29/2022 23:56,42.8,93.45,81.57,18,0,9.95
116,Mar Del Plata,AR,5/29/2022 23:55,-38.0023,-57.5575,43.09,66,0,9.22
117,Ribeira Grande,PT,5/29/2022 23:59,38.5167,-28.7,57.9,66,85,23.26
118,Noumea,NC,5/29/2022 23:58,-22.2763,166.4572,80.01,99,80,5.1
119,Tuktoyaktuk,CA,5/29/2022 23:59,69.4541,-133.0374,33.8,86,100,10.36
120,Buala,SB,5/29/2022 23:59,-8.145,159.5921,84,74,44,7.87
121,Zhigansk,RU,5/29/2022 23:59,66.7697,123.3711,37.53,71,100,19.08
122,Souillac,MU,5/29/2022 23:59,-20.5167,57.5167,73.78,60,75,17.27
123,Mountain Home,US,5/29/2022 23:57,43.133,-115.6912,49.48,71,75,24.16
124,Dikson,RU,5/29/2022 23:59,73.5069,80.5464,28.42,90,100,4.12
125,Port Blair,IN,5/29/2022 23:59,11.6667,92.75,82.44,89,100,11.5
126,Vila Velha,BR,5/29/2022 23:59,-20.3297,-40.2925,71.55,97,100,6.91
127,Kaeo,NZ,5/29/2022 23:59,-35.1,173.7833,67.32,96,97,7.56
128,Kibala,TD,5/29/2022 23:59,9.1104,18.3463,80.55,83,0,0
129,Cholet,FR,5/29/2022 23:59,47.1667,-1,51.04,87,22,8.88
130,Pueblo Bello,CO,5/29/2022 23:59,8.2041,-76.526,81.1,96,46,2.24
131,Quincy,US,5/29/2022 23:58,42.2529,-71.0023,71.94,57,31,3
132,Champerico,GT,5/29/2022 23:59,14.3,-91.9167,77.54,73,99,6.6
133,Tazovskiy,RU,5/29/2022 23:59,67.4667,78.7,35.58,74,78,17.96
134,Port Alfred,ZA,5/29/2022 23:59,-33.5906,26.891,56.59,68,59,22.5
135,Kavieng,PG,5/29/2022 23:59,-2.5744,150.7967,82.96,75,65,11.12
136,Ornskoldsvik,SE,5/29/2022 23:59,63.2909,18.7153,45.57,93,43,4.29
137,Karratha,AU,5/29/2022 23:59,-20.7377,116.8463,65.1,94,100,27.58
138,Portland,US,5/29/2022 23:55,45.5234,-122.6762,61.57,65,93,8.01
139,Puri,IN,5/29/2022 23:59,19.8,85.85,79.32,87,99,8.23
140,Kinablangan,PH,5/29/2022 23:59,7.6947,126.5503,74.8,91,100,4.94
141,Constantine,DZ,5/30/2022 0:00,36.365,6.6147,74.61,43,40,16.11
142,Taltal,CL,5/30/2022 0:00,-25.4,-70.4833,59.13,78,73,4.45
143,Henties Bay,NA,5/30/2022 0:00,-22.116,14.2845,55.71,89,0,7.83
144,Ahipara,NZ,5/30/2022 0:00,-35.1667,173.1667,66.43,86,86,9.53
145,Angoche,MZ,5/30/2022 0:00,-16.2325,39.9086,71.26,75,0,5.14
146,Qasigiannguit,GL,5/30/2022 0:00,68.8193,-51.1922,35.85,85,3,2.59
147,Serenje,ZM,5/30/2022 0:00,-13.2325,30.2352,49.46,70,0,4.45
148,Thinadhoo,MV,5/30/2022 0:00,0.5333,72.9333,83.53,70,55,12.33
149,Bredasdorp,ZA,5/30/2022 0:00,-34.5322,20.0403,50.18,65,6,6.08
150,Abdanan,IR,5/30/2022 0:00,32.9926,47.4198,74.01,18,0,11.95
151,Adamovka,RU,5/30/2022 0:00,51.5223,59.9396,60.57,75,61,8.03
152,Bonthe,SL,5/30/2022 0:00,7.5264,-12.505,79.7,83,63,4.97
153,Sitka,US,5/30/2022 0:00,57.0531,-135.33,51.69,76,75,9.22
154,Cabo San Lucas,MX,5/30/2022 0:00,22.8909,-109.9124,92.61,55,26,13.38
155,Marsh Harbour,BS,5/30/2022 0:00,26.5412,-77.0636,77.61,80,94,9.48
156,Qui Nhon,VN,5/30/2022 0:00,13.7667,109.2333,82.54,75,98,5.55
157,Parana,AR,5/30/2022 0:00,-31.732,-60.5238,49.55,58,75,7.67
158,Ulladulla,AU,5/30/2022 0:00,-35.35,150.4667,56.35,56,26,6.17
159,Niltepec,MX,5/30/2022 0:00,16.5667,-94.6167,81.25,71,99,6.76
160,Alihe,CN,5/30/2022 0:00,50.5667,123.7167,42.13,96,100,12.91
161,Paamiut,GL,5/30/2022 0:00,61.994,-49.6678,34.61,96,21,8.52
162,Panaba,MX,5/30/2022 0:00,21.2833,-88.2667,80.55,66,70,9.19
163,Nikolskoye,RU,5/30/2022 0:00,59.7035,30.7861,48.79,95,96,4.9
164,Wasilla,US,5/30/2022 0:00,61.5814,-149.4394,75.47,25,0,8.05
165,Acarau,BR,5/30/2022 0:00,-2.8856,-40.12,77.59,83,11,10.98
166,Gizo,SB,5/30/2022 0:00,-8.103,156.8419,83.95,68,26,7.23
167,Krasnoselkup,RU,5/30/2022 0:00,65.7,82.4667,41.94,69,3,17.67
168,Kyshtovka,RU,5/30/2022 0:00,56.555,76.6271,55.42,87,18,12.17
169,Harrison,US,5/30/2022 0:00,30.4091,-89.0436,82.42,71,1,7.11
170,Dicabisagan,PH,5/30/2022 0:00,17.0818,122.4157,84.69,75,68,8.23
171,Taoudenni,ML,5/30/2022 0:00,22.6783,-3.9836,96.94,19,64,12.41
172,Zemio,CF,5/30/2022 0:00,5.0314,25.1361,68.23,89,41,2.73
173,Luderitz,NA,5/30/2022 0:00,-26.6481,15.1594,55.27,68,0,11.43
174,Madinat Sittah Uktubar,EG,5/30/2022 0:00,29.8167,31.05,78.4,41,0,10
175,Mayumba,GA,5/30/2022 0:00,-3.432,10.6554,72.01,92,9,5.57
176,Nuuk,GL,5/30/2022 0:00,64.1835,-51.7216,43.41,70,3,5.01
177,Touros,BR,5/30/2022 0:00,-5.1989,-35.4608,76.08,86,8,9.13
178,Korla,CN,5/30/2022 0:00,41.7597,86.1469,78.85,17,100,11.34
179,Hovd,MN,5/30/2022 0:00,48.0056,91.6419,67.78,30,79,3.62
180,Chingirlau,KZ,5/30/2022 0:00,51.095,54.0814,61.83,63,21,9.01
181,Turan,VN,5/30/2022 0:00,16.0678,108.2208,84.18,70,20,2.3
182,Katima Mulilo,NA,5/30/2022 0:00,-17.5,24.2667,54.91,63,0,6.26
183,Provideniya,RU,5/30/2022 0:00,64.3833,-173.3,42.91,75,0,4.47
184,Barrow,US,5/30/2022 0:00,71.2906,-156.7887,31.03,86,100,13.42
185,San Rafael,AR,5/30/2022 0:01,-34.6177,-68.3301,42.76,36,5,5.75
186,Calamar,CO,5/30/2022 0:01,10.2511,-74.9146,79.63,84,68,8.34
187,Geraldton,AU,5/30/2022 0:01,-28.7667,114.6,39.61,93,0,1.14
188,Salamiyah,SY,5/30/2022 0:01,35.0113,37.0532,73.15,35,2,2.48
189,Itarema,BR,5/30/2022 0:01,-2.9248,-39.9167,77.41,80,14,10.54
190,Mason City,US,5/30/2022 0:01,43.1536,-93.201,82.53,58,100,19.57
191,Kaniama,CD,5/30/2022 0:01,-7.5667,24.1833,70,60,48,3.04
192,Zaysan,KZ,5/30/2022 0:01,47.4667,84.8667,60.89,67,96,7.02
193,Safaga,EG,5/30/2022 0:01,26.7292,33.9365,83.1,41,0,6.02
194,Gijon,ES,5/30/2022 0:01,43.5357,-5.6615,61.45,86,87,11.99
195,Mandalgovi,MN,5/30/2022 0:01,45.7625,106.2708,51.8,32,0,11.77
196,Aksu,CN,5/30/2022 0:01,41.1231,80.2644,67.19,48,100,25.28
197,Honningsvag,NO,5/30/2022 0:01,70.9821,25.9704,43.21,77,16,13.6
198,Zhangjiakou,CN,5/30/2022 0:00,40.81,114.8794,61.7,22,32,14.99
199,Sainte-Marie,RE,5/30/2022 0:01,-20.8968,55.5496,71.73,72,75,16.11
200,Longhua,CN,5/30/2022 0:01,23.6137,114.1919,82.15,79,87,1.1
201,Sinnamary,GF,5/30/2022 0:01,5.3833,-52.95,77.88,86,93,8.86
202,Vestmannaeyjar,IS,5/30/2022 0:01,63.4427,-20.2734,51.87,81,72,15.19
203,Kruisfontein,ZA,5/30/2022 0:01,-34.0033,24.7314,54.45,60,75,15.59
204,Guerrero Negro,MX,5/30/2022 0:01,27.9769,-114.0611,65.91,67,6,23.33
205,Lebanon,US,5/29/2022 23:57,36.2081,-86.2911,82.62,67,29,4.76
206,Chuy,UY,5/30/2022 0:01,-33.6971,-53.4616,43.79,81,8,7.09
207,Kolokani,ML,5/30/2022 0:01,13.5728,-8.0339,89.67,38,58,11.72
208,Sacramento,US,5/30/2022 0:00,38.4666,-121.3177,82,18,0,10.36
209,Ola,RU,5/30/2022 0:01,59.5833,151.2833,41.27,85,100,5.14
210,Kinkala,CG,5/30/2022 0:01,-4.3614,14.7644,70.81,90,25,1.39
211,Adrar,MR,5/30/2022 0:01,20.5022,-10.0711,86.99,26,98,10.25
212,Normandin,CA,5/30/2022 0:01,48.8333,-72.5321,61.36,57,55,6.46
213,Kushima,JP,5/30/2022 0:01,31.4583,131.2333,70.45,99,100,0.63
214,Fare,PF,5/30/2022 0:01,-16.7,-151.0167,80.04,71,4,9.31
215,Sistranda,NO,5/29/2022 23:59,63.7256,8.834,48.16,85,92,16.08
216,Mandera,KE,5/30/2022 0:01,3.9366,41.867,77.29,68,58,16.8
217,Lazaro Cardenas,MX,5/30/2022 0:01,17.9583,-102.2,83.26,66,55,11.54
218,Qandala,SO,5/30/2022 0:01,11.472,49.8728,84.4,56,38,3.42
219,Rongcheng,CN,5/30/2022 0:01,30.634,117.8517,79.05,86,26,1.28
220,Oytal,KZ,5/30/2022 0:01,42.9057,73.2697,49.53,80,65,3.6
221,Mahebourg,MU,5/30/2022 0:01,-20.4081,57.7,69.26,68,54,20.54
222,Asuncion,PY,5/30/2022 0:00,-25.3007,-57.6359,59.79,96,100,10.54
223,Leningradskiy,RU,5/30/2022 0:01,69.3833,178.4167,37.27,79,87,5.35
224,Khani,GE,5/30/2022 0:01,41.9563,42.9566,51.37,72,19,6.49
225,Longyearbyen,SJ,5/30/2022 0:01,78.2186,15.6401,48.04,71,0,10.36
226,Bethel,US,5/30/2022 0:01,41.3712,-73.414,70.63,65,19,1.81
227,Bilma,NE,5/30/2022 0:01,18.6853,12.9164,87.89,9,0,2.55
228,Vila Franca Do Campo,PT,5/30/2022 0:01,37.7167,-25.4333,56.19,78,18,9.91
229,Cockburn Town,TC,5/30/2022 0:01,21.4612,-71.1419,79.93,82,100,22.1
230,Gat,IL,5/29/2022 23:56,31.61,34.7642,81.39,68,0,3.27
231,Upernavik,GL,5/30/2022 0:01,72.7868,-56.1549,31.19,81,84,9.75
232,Bouar,CF,5/30/2022 0:01,5.934,15.596,65.19,93,54,0.36
233,Umm Lajj,SA,5/30/2022 0:01,25.0213,37.2685,82.38,42,0,7.05
234,Biak,ID,5/30/2022 0:02,-0.9131,122.8766,80.62,73,74,0.87
235,Naze,JP,5/30/2022 0:02,28.3667,129.4833,77.25,84,90,18.3
236,Humboldt,US,5/30/2022 0:02,40.6665,-123.9178,52.05,58,32,10.29
237,East London,ZA,5/30/2022 0:00,-33.0153,27.9116,57.09,60,9,25.97
238,Namibe,AO,5/30/2022 0:02,-15.1961,12.1522,65.88,79,1,3.13
239,Ortega,CO,5/30/2022 0:02,3.9361,-75.2217,74.75,83,45,2.71
240,Esperance,AU,5/30/2022 0:02,-33.8667,121.9,53.44,67,100,15.75
241,Castro,BR,5/30/2022 0:02,-24.7911,-50.0119,64.6,69,44,7.18
242,Magadan,RU,5/30/2022 0:02,59.5667,150.8,41.13,82,100,5.55
243,Emerald,AU,5/30/2022 0:02,-23.5333,148.1667,68.34,58,52,15.08
244,Carros,FR,5/30/2022 0:02,43.7894,7.184,65.91,84,75,11.5
245,Aldan,RU,5/30/2022 0:02,58.6031,125.3894,43.41,97,100,2.59
246,Hilo,US,5/29/2022 23:59,19.7297,-155.09,87.28,92,100,1.01
247,San Borja,BO,5/30/2022 0:02,-14.8167,-66.85,75.24,76,55,2.86
248,Kitimat,CA,5/30/2022 0:02,54.0524,-128.6534,62.62,60,100,3.2
249,Husavik,IS,5/30/2022 0:02,66.0449,-17.3389,47.05,55,95,2.64
250,Fengzhen,CN,5/30/2022 0:02,40.4394,113.1536,58.64,25,2,20.2
251,Newport,GB,5/29/2022 23:58,51.5877,-2.9984,51.91,83,61,5.35
252,Abilene,US,5/30/2022 0:02,32.4487,-99.7331,98.82,24,0,26.46
253,Tasiilaq,GL,5/30/2022 0:02,65.6145,-37.6368,39.36,99,100,4.63
254,Faanui,PF,5/30/2022 0:02,-16.4833,-151.75,80.26,70,6,9.69
255,Bheramara,BD,5/30/2022 0:02,24.0232,88.9925,81.57,78,75,5.7
256,Beidao,CN,5/30/2022 0:02,34.5686,105.8933,65.35,50,55,1.99
257,Saint-Augustin,CA,5/30/2022 0:02,51.226,-58.6502,48.2,89,89,5.32
258,Atasu,KZ,5/30/2022 0:02,48.6814,71.6433,61.95,49,93,5.88
259,Juba,SS,5/30/2022 0:02,4.8517,31.5825,65.16,95,90,3.94
260,Miyako,JP,5/30/2022 0:02,39.6367,141.9525,58.66,73,12,6.67
261,Zyryanka,RU,5/30/2022 0:02,65.75,150.85,62.46,40,100,13.11
262,Malinovoye Ozero,RU,5/30/2022 0:02,51.6753,79.7825,61.77,47,95,5.44
263,Kysyl-Syr,RU,5/30/2022 0:02,63.8986,122.7617,41.47,93,100,8.46
264,Male,MV,5/30/2022 0:02,4.1748,73.5089,82.42,75,91,15.59
265,Farafangana,MG,5/30/2022 0:02,-22.8167,47.8333,68.49,82,92,4.63
266,Sokolo,ML,5/30/2022 0:02,14.7328,-6.1219,97.3,17,58,5.97
267,Epe,NG,5/30/2022 0:02,6.5841,3.9834,76.84,89,13,3.71
268,Sabha,LY,5/30/2022 0:02,27.0377,14.4283,82.33,16,91,10.51
269,Dingle,PH,5/30/2022 0:02,10.9995,122.6711,82.17,75,84,2.68
270,Tual,ID,5/30/2022 0:02,-5.6667,132.75,83.12,70,55,4.45
271,Westport,US,5/30/2022 0:02,41.1415,-73.3579,71.89,69,0,9.22
272,Ust-Barguzin,RU,5/30/2022 0:02,53.45,108.9833,45.48,56,4,4.29
273,Kongsberg,NO,5/30/2022 0:03,59.6652,9.6465,46.69,96,100,3
274,Tilichiki,RU,5/30/2022 0:03,60.4667,166.1,36.91,96,100,1.88
275,Pontypool,GB,5/30/2022 0:03,51.7011,-3.0444,49.66,87,72,4.56
276,Santiago Del Estero,AR,5/30/2022 0:04,-27.7951,-64.2615,55.47,66,100,4.21
277,Weligama,LK,5/30/2022 0:04,5.9667,80.4167,76.28,91,97,11.14
278,Verkh-Usugli,RU,5/30/2022 0:04,52.7,115.1667,41.27,76,100,7.83
279,Airai,TL,5/30/2022 0:04,-8.9266,125.4092,67.24,69,74,2.08
280,Beyneu,KZ,5/30/2022 0:04,45.3167,55.2,72.46,27,0,9.69
281,Peniche,PT,5/30/2022 0:04,39.3558,-9.3811,63.28,89,100,9.75
282,Lukang,TW,5/30/2022 0:04,24.0567,120.4352,84.61,74,10,11.7
283,Ucluelet,CA,5/30/2022 0:04,48.9329,-125.5528,54.09,81,99,4
284,Ust-Ishim,RU,5/30/2022 0:04,57.6935,71.1665,51.69,87,8,10.07
285,Port Elizabeth,ZA,5/30/2022 0:04,-33.918,25.5701,56.82,66,53,14.25
286,Bathsheba,BB,5/30/2022 0:04,13.2167,-59.5167,81.21,74,40,17.27
287,Isla Mujeres,MX,5/30/2022 0:04,21.2311,-86.731,82.45,76,100,13.02
288,Anloga,GH,5/30/2022 0:04,5.7947,0.8973,81.23,79,59,9.44
289,Yerofey Pavlovich,RU,5/30/2022 0:04,53.9667,121.9667,42.66,94,100,8.88
290,Damghan,IR,5/30/2022 0:02,36.1683,54.348,66.16,27,0,2.06
291,Alice Springs,AU,5/30/2022 0:04,-23.7,133.8833,56.75,33,82,19.57
292,Isangel,VU,5/30/2022 0:04,-19.55,169.2667,82.2,73,9,1.95
293,Fortuna,US,5/30/2022 0:04,40.5982,-124.1573,59.09,66,75,20.71
294,Tamale,GH,5/30/2022 0:04,9.4008,-0.8393,77.14,75,76,3.6
295,Codrington,AU,5/30/2022 0:04,-38.2667,141.9667,48.16,88,98,11.36
296,Maceio,BR,5/30/2022 0:03,-9.6658,-35.7353,77.25,86,37,6.87
297,Kenai,US,5/30/2022 0:04,60.5544,-151.2583,69.03,52,0,14.97
298,Biltine,TD,5/30/2022 0:04,14.5333,20.9167,91.44,20,98,8.19
299,Chapais,CA,5/30/2022 0:04,49.7834,-74.8492,57.7,40,37,6.46
300,Yarim,YE,5/30/2022 0:04,14.298,44.3779,58.89,59,26,0.34
301,Brownfield,US,5/30/2022 0:04,33.1812,-102.2744,99.39,6,15,22.08
302,Pevek,RU,5/30/2022 0:04,69.7008,170.3133,33.67,78,87,5.7
303,San Jose,US,5/30/2022 0:00,37.3394,-121.895,76.15,37,0,19.57
304,Cambridge,CA,5/30/2022 0:01,43.3601,-80.3127,72.23,57,22,5.14
305,Barra Do Bugres,BR,5/30/2022 0:04,-15.0725,-57.1811,78.35,57,67,1.74
306,Pervomayskoye,RU,5/30/2022 0:04,43.919,46.7102,60.37,73,0,6.17
307,Ruteng,ID,5/30/2022 0:04,-8.6136,120.4721,68.95,73,78,1.3
308,Kalemie,CD,5/30/2022 0:04,-5.9475,29.1947,69.75,80,71,2.77
309,Waihi,NZ,5/30/2022 0:04,-37.3833,175.8333,63.59,97,100,12.33
310,Santiago,CL,5/30/2022 0:04,-33.4569,-70.6483,55.17,51,23,6.91
311,Lodja,CD,5/30/2022 0:04,-3.4833,23.4333,73.42,79,97,1.99
312,Komsomolskiy,UZ,5/30/2022 0:04,40.4272,71.7189,62.73,46,37,2.82
313,Lompoc,US,5/30/2022 0:01,34.6391,-120.4579,77.56,63,0,27
314,La Libertad,EC,5/30/2022 0:04,-2.2333,-80.9,70.38,83,89,8.41
315,La Fria,VE,5/30/2022 0:04,8.2203,-72.2439,84.31,71,49,2.91
316,Zempoala,MX,5/30/2022 0:04,19.45,-96.4167,84.11,70,88,8.66
317,Lalmohan,BD,5/30/2022 0:04,22.3384,90.7419,82.72,78,32,4.36
318,Rio Gallegos,AR,5/30/2022 0:04,-51.6226,-69.2181,41.05,65,40,17.27
319,Iqaluit,CA,5/30/2022 0:04,63.7506,-68.5145,31.69,95,100,5.01
320,Libertador General San Martin,AR,5/30/2022 0:04,-23.8064,-64.7876,58.98,80,98,4.79
321,Opuwo,NA,5/30/2022 0:04,-18.0607,13.84,58.6,37,0,5.46
322,Santo Antonio Da Platina,BR,5/30/2022 0:04,-23.295,-50.0772,67.17,70,24,3.29
323,Panguna,PG,5/30/2022 0:04,-6.3164,155.4848,80.55,60,41,3.65
324,Ostrovnoy,RU,5/30/2022 0:00,68.0531,39.5131,36.77,92,1,13.13
325,Ovruch,UA,5/30/2022 0:05,51.3246,28.8035,49.91,73,94,6.71
326,Chiang Klang,TH,5/30/2022 0:05,19.2938,100.8617,75.9,96,77,1.01
327,Sakakah,SA,5/30/2022 0:05,29.9697,40.2064,81.52,13,0,11.43
328,Maloy,NO,5/30/2022 0:05,61.9353,5.1136,46.13,94,85,6.4
329,Atherton,GB,5/30/2022 0:05,53.5237,-2.4935,51.75,80,94,2.3
330,Jizan,SA,5/30/2022 0:02,17.3333,42.6667,82.54,61,3,1.12
331,Lagoa,PT,5/30/2022 0:05,39.05,-27.9833,56.82,64,45,23.47
332,Bonavista,CA,5/30/2022 0:05,48.6499,-53.1147,44.69,92,100,3.74
333,Mwense,ZM,5/30/2022 0:05,-10.3845,28.698,60.76,60,4,5.91
334,Roald,NO,5/30/2022 0:05,62.5833,6.1333,44.76,93,69,5.75
335,Fort Saint James,CA,5/30/2022 0:05,54.4333,-124.25,58.89,39,99,10.51
336,Bambanglipuro,ID,5/30/2022 0:05,-7.95,110.2833,77.41,86,15,4.79
337,Labuhan,ID,5/30/2022 0:05,-6.8844,112.2051,80.64,76,76,1.88
338,Khorinsk,RU,5/30/2022 0:05,52.1657,109.7726,51.15,40,8,8.7
339,Baijiantan,CN,5/30/2022 0:05,45.6333,85.1833,67.1,49,100,5.73
340,Tanout,NE,5/30/2022 0:05,14.9709,8.8879,85.48,10,0,6.96
341,Rawson,AR,5/30/2022 0:05,-43.3002,-65.1023,41.74,76,52,26.35
342,Olafsvik,IS,5/30/2022 0:05,64.8945,-23.7142,50.77,82,31,5.3
343,Hasaki,JP,5/30/2022 0:05,35.7333,140.8333,72,74,73,19.17
344,Picos,BR,5/30/2022 0:05,-7.0769,-41.4669,77.38,66,90,3.4
345,Palotina,BR,5/30/2022 0:05,-24.2839,-53.84,65.48,97,56,7.11
346,Paita,PE,5/30/2022 0:05,-5.0892,-81.1144,65.3,82,15,15.23
347,Kinchil,MX,5/30/2022 0:05,20.9167,-89.95,85.05,73,93,6.87
348,Lebu,CL,5/30/2022 0:02,-37.6167,-73.65,45.45,71,18,15.17
349,Lashio,MM,5/30/2022 0:05,22.9333,97.75,69.04,93,23,0.45
350,Rochester,US,5/30/2022 0:02,43.1548,-77.6156,74.84,69,40,6.91
351,Rognan,NO,5/30/2022 0:05,67.0953,15.3878,51.94,78,56,6.93
352,Nantucket,US,5/30/2022 0:00,41.2835,-70.0995,63.01,84,10,8.21
353,Kursk,RU,5/30/2022 0:05,51.7303,36.1939,46.6,100,57,6.71
354,Lorengau,PG,5/30/2022 0:05,-2.0226,147.2712,83.98,71,79,4.03
355,Necochea,AR,5/30/2022 0:05,-38.5473,-58.7368,43,61,46,17.69
356,Mizdah,LY,5/30/2022 0:05,31.4451,12.9801,72.88,35,7,9.73
357,North Platte,US,5/30/2022 0:05,41.1239,-100.7654,79.07,43,0,7
358,Talnakh,RU,5/30/2022 0:05,69.4865,88.3972,36.21,63,3,1.14
359,Rancho Veloz,CU,5/30/2022 0:05,22.8806,-80.3917,72.91,86,100,6.96
360,Ayagoz,KZ,5/30/2022 0:05,47.9714,80.4392,55.31,90,100,1.72
361,Sur,OM,5/30/2022 0:05,22.5667,59.5289,85.53,58,0,13.15
362,Porbandar,IN,5/30/2022 0:04,21.6422,69.6093,82.04,72,78,16.8
363,Dalvik,IS,5/30/2022 0:05,65.9702,-18.5286,51.04,50,88,0.67
364,Kaitangata,NZ,5/30/2022 0:05,-46.2817,169.8464,51.96,71,100,8.75
365,Yaan,NG,5/30/2022 0:05,7.3833,8.5667,75.61,84,82,8.77
366,Axim,GH,5/30/2022 0:05,4.8699,-2.2405,77.74,88,32,4.63
367,Pozo Colorado,PY,5/30/2022 0:05,-23.4923,-58.7972,63.68,93,100,8.75
368,Palauig,PH,5/30/2022 0:05,15.435,119.9045,83.89,74,83,7.47
369,Kemin,KG,5/30/2022 0:05,42.7846,75.6892,49.3,86,96,2.62
370,La Rioja,ES,5/30/2022 0:05,42.25,-2.5,56.98,71,100,3.49
371,Brae,GB,5/30/2022 0:05,60.3964,-1.353,46.72,86,100,13.47
372,Najran,SA,5/30/2022 0:06,17.4924,44.1277,75.07,15,0,3.42
373,Xudat,AZ,5/30/2022 0:06,41.631,48.681,63.07,76,19,5.53
374,Mayo,US,5/30/2022 0:06,38.8876,-76.5119,78.96,69,0,5.75
375,Qaanaaq,GL,5/30/2022 0:06,77.484,-69.3632,27.84,76,98,11.21
376,Ust-Uda,RU,5/30/2022 0:06,54.1742,103.0304,52.09,39,51,2.77
377,San Quintin,MX,5/30/2022 0:06,30.4833,-115.95,64.72,70,1,20.67
378,Xingcheng,CN,5/30/2022 0:06,40.6167,120.7167,64.36,51,0,5.91
379,Lugovskoy,RU,5/30/2022 0:06,56.9585,64.529,50.85,83,52,8.16
380,Pocone,BR,5/30/2022 0:06,-16.2567,-56.6228,82.63,49,57,4.54
381,Raga,SS,5/30/2022 0:06,8.4596,25.678,71.26,82,95,2.44
382,Toba,JP,5/30/2022 0:06,34.4833,136.85,71.6,65,70,1.34
383,Lianyuan,CN,5/30/2022 0:06,27.6883,111.6642,77.32,92,99,0.83
384,Labuan,MY,5/30/2022 0:06,5.2767,115.2417,80.76,75,19,4.18
385,Karasjok,NO,5/30/2022 0:06,69.4719,25.5112,42.24,71,41,7.7
386,La Mana,EC,5/30/2022 0:06,-0.9333,-79.2167,74.41,93,91,1.3
387,Bunia,CD,5/30/2022 0:06,1.5667,30.25,62.71,96,100,2.91
388,Dudinka,RU,5/30/2022 0:06,69.4058,86.1778,36.63,81,36,20.62
389,Yinchuan,CN,5/30/2022 0:06,38.4681,106.2731,64.63,14,0,6.08
390,Dukat,RU,5/30/2022 0:06,62.55,155.55,47.98,55,99,6.8
391,Sun City West,US,5/30/2022 0:05,33.662,-112.3413,95,16,20,24.16
392,Cremona,IT,5/30/2022 0:06,45.2333,9.9333,59.81,85,48,5.79
393,Juazeiro,BR,5/30/2022 0:06,-9.4117,-40.4986,75.4,77,64,10.04
394,Beloha,MG,5/30/2022 0:06,-25.1667,45.05,62.98,68,0,7.54
395,Sikandra,IN,5/30/2022 0:06,26.3667,79.65,91.24,31,22,5.44
396,Kerrville,US,5/30/2022 0:01,30.0474,-99.1403,93.06,36,0,16.11
397,Jyvaskyla,FI,5/30/2022 0:06,62.2415,25.7209,48.54,91,0,1.14
398,Brewster,US,5/30/2022 0:06,41.3973,-73.6171,70.88,67,18,1.19
399,Gamba,GA,5/30/2022 0:06,-2.65,10,71.71,92,12,6.11
400,Noyabrsk,RU,5/30/2022 0:06,63.1994,75.4507,45.79,49,95,21.25
401,Nizhniy Odes,RU,5/30/2022 0:06,63.6445,54.856,49.77,95,100,4.29
402,Nioro,GM,5/30/2022 0:06,13.35,-15.75,80.22,71,77,10.31
403,Tecoanapa,MX,5/30/2022 0:01,16.5167,-98.75,81.5,68,100,6.6
404,Harlingen,US,5/30/2022 0:02,26.1906,-97.6961,87.06,79,0,21.85
405,Flin Flon,CA,5/30/2022 0:06,54.7682,-101.865,50.77,96,100,8.99
406,Polunochnoye,RU,5/30/2022 0:06,60.8697,60.4153,49.08,91,100,9.71
407,Bima,ID,5/30/2022 0:06,-8.4667,118.7167,80.89,84,61,3.51
408,Pangnirtung,CA,5/30/2022 0:06,66.1451,-65.7125,29.84,91,100,3.24
409,Khasan,RU,5/30/2022 0:06,42.4308,130.6434,50.76,95,100,12.75
410,Warman,CA,5/30/2022 0:06,52.3168,-106.5679,58.08,82,100,8.79
411,San Patricio,US,5/30/2022 0:06,28.017,-97.5169,87.19,62,3,21.77
412,Sal Rei,CV,5/30/2022 0:06,16.1833,-22.9167,72.52,85,11,14.2
413,Beitbridge,ZW,5/30/2022 0:06,-22.2167,30,66.16,49,0,2.39
414,Rodrigues Alves,BR,5/30/2022 0:07,-7.738,-72.6509,75.74,82,65,1.5
415,Andilamena,MG,5/30/2022 0:07,-17.0167,48.5833,54.72,95,36,7.92
416,Cibitoke,BI,5/30/2022 0:07,-2.8833,29.25,59.97,98,100,1.54
417,Eureka,US,5/30/2022 0:07,40.8021,-124.1637,61.12,67,32,11.99
418,Slobozia,MD,5/30/2022 0:07,46.7281,29.7078,57.49,95,82,2.73
419,Mareeba,AU,5/30/2022 0:07,-17,145.4333,78.66,80,76,2.44
420,Prince Rupert,CA,5/30/2022 0:05,54.3161,-130.3201,56.73,75,97,6.38
421,Faya,SA,5/30/2022 0:07,18.3851,42.4509,64.92,47,8,0.72
422,Baykit,RU,5/30/2022 0:07,61.67,96.37,53.56,73,70,4.54
423,Boyolali,ID,5/30/2022 0:07,-7.5331,110.5958,72.77,88,35,3.27
424,Jieshi,CN,5/30/2022 0:07,22.8134,115.8257,80.6,86,69,3.89
425,Kutum,SD,5/30/2022 0:07,14.2,24.6667,76.24,14,30,5.48
426,Comodoro Rivadavia,AR,5/30/2022 0:05,-45.8667,-67.5,40.86,81,75,10.36
427,Half Moon Bay,US,5/30/2022 0:07,37.4636,-122.4286,75.79,60,0,21.85
428,Havelock,US,5/30/2022 0:07,34.8791,-76.9013,78.78,83,21,4.23
429,Aguimes,ES,5/30/2022 0:07,27.9054,-15.4461,66.83,83,75,6.91
430,Burnie,AU,5/30/2022 0:02,-41.0667,145.9167,48.92,61,96,3.06
431,Jinchang,CN,5/30/2022 0:07,38.4953,102.1739,65.44,31,86,3.67
432,Bardiyah,LY,5/30/2022 0:07,31.7561,25.0865,72.14,67,0,15.46
433,Cabedelo,BR,5/30/2022 0:07,-6.9811,-34.8339,77.27,85,44,7.02
434,Roebourne,AU,5/30/2022 0:07,-20.7833,117.1333,66.51,91,100,23.58
435,Kisangani,CD,5/30/2022 0:07,0.5167,25.2,69.04,94,43,2.3
436,Krechevitsy,RU,5/30/2022 0:07,58.617,31.401,43.66,86,84,4.45
437,Kamenka,RU,5/30/2022 0:07,51.3223,42.7678,48.56,94,78,4.68
438,Nishihara,JP,5/30/2022 0:07,26.1842,127.7558,82.06,94,75,20.71
439,Bubaque,GW,5/30/2022 0:07,11.2833,-15.8333,80.74,67,100,0.72
440,Vestmanna,FO,5/30/2022 0:07,62.1564,-7.1664,41.92,87,100,18.41
441,Padang,ID,5/30/2022 0:07,-0.9492,100.3543,77.4,83,87,3.98
442,Turbat,PK,5/30/2022 0:07,26.0023,63.044,84.25,66,46,2.64
443,Manta,EC,5/30/2022 0:07,-0.95,-80.7333,73.18,83,20,11.5
444,Sabang,ID,5/30/2022 0:07,5.8933,95.3214,82.47,78,99,20.29
445,Guadix,ES,5/30/2022 0:07,37.2993,-3.1392,63.46,63,78,2.91
446,Kamaishi,JP,5/30/2022 0:07,39.2667,141.8833,59.22,76,14,7.02
447,Winona,US,5/30/2022 0:07,43.9666,-91.7668,78.98,75,99,16.73
448,Acapulco,MX,5/30/2022 0:07,16.8634,-99.8901,82.22,74,100,10.36
449,Avallon,FR,5/30/2022 0:07,47.4833,3.9,41.18,90,77,4.52
450,Carmen,MX,5/30/2022 0:07,18.6333,-91.8333,84.24,74,75,6.91
451,Srandakan,ID,5/30/2022 0:07,-7.9386,110.2506,77.52,85,13,4.76
452,Huarmey,PE,5/30/2022 0:07,-10.0681,-78.1522,63.64,82,12,8.81
453,Hohhot,CN,5/30/2022 0:07,40.8106,111.6522,59.94,26,1,10.25
454,Marienburg,PL,5/30/2022 0:07,54.0359,19.0266,53.11,91,100,4.34
455,Nhamunda,BR,5/30/2022 0:07,-2.1861,-56.7131,74.7,97,77,2.26
456,Pisco,PE,5/30/2022 0:07,-13.7,-76.2167,63.01,82,0,13.8
457,Chicama,PE,5/30/2022 0:07,-7.8447,-79.1469,61.34,80,34,7.45
458,Sibolga,ID,5/30/2022 0:07,1.7427,98.7792,75.36,87,83,3.78
459,Contai,IN,5/30/2022 0:07,21.7786,87.7536,84.33,86,99,6.06
460,Mount Gambier,AU,5/30/2022 0:07,-37.8333,140.7667,46.94,92,100,7.49
461,Ancud,CL,5/30/2022 0:07,-41.8697,-73.8203,42.35,82,25,3.91
462,Wahiawa,US,5/30/2022 0:07,21.5028,-158.0236,77.86,77,100,3.44
463,Mnogovershinnyy,RU,5/30/2022 0:08,53.9353,139.9242,55,69,100,6.46
464,Hokitika,NZ,5/30/2022 0:08,-42.7167,170.9667,55.54,90,100,7.67
465,Silver City,US,5/30/2022 0:04,32.7701,-108.2803,78.31,13,42,24
466,Kawalu,ID,5/30/2022 0:08,-7.3817,108.2082,73.81,92,31,3.06
467,Talaya,RU,5/30/2022 0:08,61.3833,152.75,52.77,55,84,9.06
468,Yerbogachen,RU,5/30/2022 0:05,61.2767,108.0108,54.97,41,8,3.29
469,Garissa,KE,5/30/2022 0:08,-0.4536,39.6401,73.56,84,51,12.84
470,Aran,AZ,5/30/2022 0:08,40.6253,46.9756,67.1,48,6,1.45
471,Boa Vista,BR,5/30/2022 0:08,2.8197,-60.6733,77.74,78,78,4.16
472,Tongliao,CN,5/30/2022 0:08,43.6125,122.2653,59.83,33,0,12.3
473,Jodhpur,IN,5/30/2022 0:08,26.2867,73.03,82.69,65,1,18.81
474,Gallup,US,5/30/2022 0:08,35.5281,-108.7426,75.04,15,20,35.68
475,Baiyin,CN,5/30/2022 0:08,36.5583,104.2081,63.97,44,95,8.23
476,Sao Filipe,CV,5/30/2022 0:08,14.8961,-24.4956,74.3,83,5,4.18
477,South Sioux City,US,5/30/2022 0:08,42.4739,-96.4136,87.01,44,40,8.05
478,Worland,US,5/30/2022 0:08,44.0169,-107.9554,67.35,44,0,16.11
479,Muros,ES,5/30/2022 0:08,42.7762,-9.0603,61.68,86,70,5.95
480,Vetlanda,SE,5/30/2022 0:08,57.4289,15.0776,45.54,91,50,3.6
481,Pinhao,BR,5/30/2022 0:08,-25.6956,-51.6597,60.53,98,94,9.15
482,Ust-Nera,RU,5/30/2022 0:08,64.5667,143.2,46.49,94,100,3.13
483,Kieta,PG,5/30/2022 0:08,-6.2167,155.6333,84.4,63,29,4.63
484,Grand Forks,US,5/30/2022 0:08,47.9417,-97.4337,76.93,65,20,18.41
485,Tura,IN,5/30/2022 0:08,25.5198,90.2201,72.63,92,5,3.11
486,Alta Floresta,BR,5/30/2022 0:08,-9.8756,-56.0861,77.18,59,53,3.27
487,Ryotsu,JP,5/30/2022 0:08,38.0833,138.4333,70.3,63,98,4.34
488,Ribas Do Rio Pardo,BR,5/30/2022 0:08,-20.4431,-53.7592,73.62,58,31,4.56
489,Yelniki,RU,5/30/2022 0:08,54.6207,43.876,44.42,87,25,5.46
490,Trapani,IT,5/30/2022 0:08,37.8333,12.6667,67.28,79,4,4.54
491,Pietersburg,ZA,5/30/2022 0:08,-23.9045,29.4688,55.83,50,0,2.37
492,Peleduy,RU,5/30/2022 0:08,59.6289,112.7406,55.89,45,98,3.36
493,Kijang,KR,5/30/2022 0:08,35.2442,129.2139,64.29,79,100,1.05
494,Lavrentiya,RU,5/30/2022 0:08,65.5833,-171,37.45,91,82,3.53
495,Landeck,AT,5/30/2022 0:09,47.1301,10.5636,37.62,91,95,2.64
496,Kangaatsiaq,GL,5/30/2022 0:06,68.3065,-53.4641,32.97,81,5,8.43
497,Neuquen,AR,5/30/2022 0:09,-38.9516,-68.0591,33.69,55,0,2.3
498,Saint-Joseph,RE,5/30/2022 0:09,-21.3667,55.6167,68.38,72,41,14.2
499,Bonnyville,CA,5/30/2022 0:09,54.2668,-110.735,56.19,65,48,14.79
500,Wyndham,US,5/30/2022 0:09,37.6985,-77.6125,79.11,70,0,1.01
501,Quelimane,MZ,5/30/2022 0:09,-17.8786,36.8883,64.09,82,0,1.16
502,Jonesboro,US,5/30/2022 0:09,35.8423,-90.7043,82.22,48,0,13.8
503,Viloco,BO,5/30/2022 0:09,-16.95,-67.55,41.45,80,18,3.56
504,Saldanha,ZA,5/30/2022 0:09,-33.0117,17.9442,55.87,57,0,6.6
505,Batagay,RU,5/30/2022 0:09,67.6333,134.6333,50.83,52,84,4.47
506,Sagna,RO,5/30/2022 0:09,46.9833,27.0167,60.42,94,100,11.18
507,Trincomalee,LK,5/30/2022 0:06,8.5711,81.2335,80.46,77,75,22.3
508,Viedma,AR,5/30/2022 0:09,-40.8135,-62.9967,46.63,47,100,23.85
509,Sao Felix Do Xingu,BR,5/30/2022 0:09,-6.6447,-51.995,76.96,71,68,3.04
510,Mount Isa,AU,5/30/2022 0:09,-20.7333,139.5,76.77,33,40,14.97
511,Kourou,GF,5/30/2022 0:09,5.1552,-52.6478,81.1,90,97,7.76
512,Asyut,EG,5/30/2022 0:10,27.181,31.1837,82.9,16,0,6.4
513,Ust-Kulom,RU,5/30/2022 0:10,61.6864,53.6902,45.21,96,100,3.65
514,Ust-Ordynskiy,RU,5/30/2022 0:10,52.805,104.7508,52.21,41,25,2.33
515,Batticaloa,LK,5/30/2022 0:10,7.7102,81.6924,80.08,75,100,3.04
516,Boddam,GB,5/30/2022 0:10,57.4667,-1.7833,44.98,84,100,16.62
517,Ponerihouen,NC,5/30/2022 0:10,-21.0833,165.4,78.73,68,21,1.95
518,Lethem,GY,5/30/2022 0:10,3.3803,-59.7968,79.14,69,26,5.28
519,Xining,CN,5/30/2022 0:10,36.6167,101.7667,53.17,68,100,2.48
520,Kidal,ML,5/30/2022 0:10,18.4411,1.4078,92.97,17,11,7.16
521,Artvin,TR,5/30/2022 0:09,41.1667,41.8333,58.91,81,2,4.41
522,Klaksvik,FO,5/30/2022 0:10,62.2266,-6.589,43.72,95,100,23.55
523,Gurupi,BR,5/30/2022 0:08,-11.7292,-49.0686,72.39,42,24,3.53
524,Ulaangom,MN,5/30/2022 0:10,49.9811,92.0667,68.31,43,83,11.18
525,Slave Lake,CA,5/30/2022 0:10,55.2834,-114.769,44.1,95,100,11.27
526,Pali,IN,5/30/2022 0:07,25.7667,73.3333,82.58,73,8,17.67
527,Oranjemund,NA,5/30/2022 0:10,-28.55,16.4333,53.87,86,0,8.34
528,Ambon,ID,5/30/2022 0:10,-3.6954,128.1814,82.54,78,20,3.44
529,Altay,CN,5/30/2022 0:10,47.8667,88.1167,63.91,67,74,2.26
530,Dhidhdhoo,MV,5/30/2022 0:10,6.8833,73.1,80.51,80,100,14.41
531,Amazar,RU,5/30/2022 0:10,53.858,120.875,42.44,96,100,8.3
532,Maragogi,BR,5/30/2022 0:10,-9.0122,-35.2225,76.91,86,95,5.75
533,Turgenevo,RU,5/30/2022 0:10,54.8455,46.3297,44.96,90,8,6.26
534,Morrope,PE,5/30/2022 0:10,-6.5417,-80.0111,65.12,78,50,15.41
535,Sydney,AU,5/30/2022 0:10,-33.8679,151.2073,58.71,63,75,8.05
536,Kuloy,RU,5/30/2022 0:10,61.0305,42.4925,48.88,97,99,6.29
537,Jacareacanga,BR,5/30/2022 0:10,-6.2222,-57.7528,77.99,79,100,1.92
538,Saint-Pierre,RE,5/30/2022 0:10,-21.3393,55.4781,69.91,64,20,10.36
539,Kununurra,AU,5/30/2022 0:10,-15.7667,128.7333,71.58,68,4,0
540,General Roca,AR,5/30/2022 0:10,-39.0333,-67.5833,42.12,44,1,8.7
541,Mount Pleasant,US,5/30/2022 0:10,32.7941,-79.8626,81,75,0,5.75
542,College,US,5/30/2022 0:09,64.8569,-147.8028,73.58,31,40,13.8
543,Nelson Bay,AU,5/30/2022 0:10,-32.7167,152.15,57.99,72,13,1.01
544,Hay River,CA,5/30/2022 0:10,60.8156,-115.7999,50.94,39,6,4.9
545,Muswellbrook,AU,5/30/2022 0:10,-32.2667,150.9,57.15,58,78,10.63
546,Riyadh,SA,5/30/2022 0:05,24.6877,46.7219,82.54,14,2,6.64
547,Hastings,GB,5/30/2022 0:10,50.8552,0.5729,48.33,91,33,7.65
548,Glendive,US,5/30/2022 0:10,47.1053,-104.7125,69.17,65,75,6.91
549,Arraias,BR,5/30/2022 0:10,-12.9288,-46.9437,69.3,31,4,3.96
550,Egvekinot,RU,5/30/2022 0:10,66.3167,-179.1667,40.17,67,71,5.21
551,Santa Isabel Do Rio Negro,BR,5/30/2022 0:10,-0.4139,-65.0192,73.6,98,83,2.26
552,Yeppoon,AU,5/30/2022 0:10,-23.1333,150.7333,69.58,60,71,9.08
553,Hofn,IS,5/30/2022 0:10,64.2539,-15.2082,47.32,72,66,4.76
554,Abay,KZ,5/30/2022 0:10,49.6311,72.8539,46.78,54,97,3.98
555,North Bend,US,5/30/2022 0:10,43.4065,-124.2243,57.24,87,100,14.97
556,Prince Albert,CA,5/30/2022 0:10,53.2001,-105.7677,58.19,75,100,9.78
557,Cassia,BR,5/30/2022 0:10,-20.5831,-46.9219,62.17,57,0,0.65
558,Goderich,CA,5/30/2022 0:11,43.7501,-81.7165,60.26,85,37,12.44
559,Shujalpur,IN,5/30/2022 0:11,23.4,76.7167,83.25,57,18,10.16
560,Avera,US,5/30/2022 0:11,33.194,-82.5271,82.38,59,49,7.4
561,Baghdad,IQ,5/30/2022 0:07,33.3406,44.4009,75.11,27,0,3.44
562,Sciacca,IT,5/30/2022 0:11,37.5082,13.0881,68.04,76,3,1.59
563,Hobyo,SO,5/30/2022 0:11,5.3505,48.5268,78.78,82,96,21.56
564,Waddan,LY,5/30/2022 0:11,29.1614,16.139,77.14,34,2,9.04
565,Beisfjord,NO,5/30/2022 0:11,68.3751,17.5988,51.85,89,99,7.83
566,Savannah Bight,HN,5/30/2022 0:11,16.45,-85.85,81.99,83,100,27.96
567,Gbarnga,LR,5/30/2022 0:11,6.9956,-9.4722,71.82,99,89,1.12
568,Sonoita,MX,5/30/2022 0:11,31.85,-112.8333,86.07,22,5,13
569,San Cristobal,VE,5/30/2022 0:11,7.7669,-72.225,75.38,78,18,3.02
570,Vardo,NO,5/30/2022 0:11,70.3705,31.1107,39.18,93,32,9.22
571,Lebrija,ES,5/30/2022 0:11,36.9208,-6.0753,67.8,68,100,9.22
572,Carutapera,BR,5/30/2022 0:11,-1.195,-46.02,76.19,94,66,6.38
573,Amapa,BR,5/30/2022 0:11,1,-52,72.16,98,87,1.7
574,Oum Hadjer,TD,5/30/2022 0:11,13.2954,19.6966,87.69,10,5,0.98
575,Poum,NC,5/30/2022 0:11,-20.2333,164.0167,76.44,69,79,3.91
576,Uthal,PK,5/30/2022 0:11,25.8072,66.6219,82.18,77,9,1.3
577,Plettenberg Bay,ZA,5/30/2022 0:11,-34.0527,23.3716,55.45,68,90,11.18
578,Khunti,IN,5/30/2022 0:11,23.0833,85.2833,81.43,44,57,1.63
579,Tiznit,MA,5/30/2022 0:11,29.5833,-9.5,57.51,82,18,3.22
580,Marystown,CA,5/30/2022 0:11,47.1666,-55.1483,47.86,100,74,8.52
581,Alyangula,AU,5/30/2022 0:11,-13.8483,136.4192,79.61,65,58,0.6
582,Waingapu,ID,5/30/2022 0:11,-9.6567,120.2641,80.44,76,42,3
583,Zhuhai,CN,5/30/2022 0:10,22.2769,113.5678,84.85,89,40,6.91
584,Huilong,CN,5/30/2022 0:11,31.8111,121.655,78.93,75,87,9.22
