City_ID,City,Country,Lat,Lng,Max Temp,Humidity,Cloudiness,Wind Speed,Date,Current Description
0,Jamestown,US,42.097,-79.2353,82.04,50,0,9.22,2022-05-30 23:11:28,clear sky
1,Luderitz,NA,-26.6481,15.1594,57.52,52,1,14.14,2022-05-30 23:16:15,clear sky
2,Avarua,CK,-21.2078,-159.775,73.45,94,75,3.44,2022-05-30 23:16:01,light rain
3,Monrovia,LR,6.3005,-10.7969,80.15,83,69,9.26,2022-05-30 23:12:13,broken clouds
4,Launceston,AU,-41.45,147.1667,43.81,97,100,4.61,2022-05-30 23:16:15,moderate rain
5,Fortuna,US,40.5982,-124.1573,60.1,67,75,17.27,2022-05-30 23:16:16,broken clouds
6,Baykit,RU,61.67,96.37,52.29,91,100,4.29,2022-05-30 23:08:02,light rain
7,Hermanus,ZA,-34.4187,19.2345,57.79,77,66,10.07,2022-05-30 23:16:16,broken clouds
8,Norman Wells,CA,65.282,-126.8329,69.84,28,40,19.57,2022-05-30 23:16:16,scattered clouds
9,Ushuaia,AR,-54.8,-68.3,42.46,81,75,28.77,2022-05-30 23:14:17,drizzle
10,Bella Vista,US,36.4295,-94.2316,84.72,61,100,13.8,2022-05-30 23:16:17,overcast clouds
11,Rikitea,PF,-23.1203,-134.9692,74.46,77,49,7.94,2022-05-30 23:16:17,light rain
12,Puerto Ayora,EC,-0.7393,-90.3518,72.95,83,84,11.05,2022-05-30 23:16:17,broken clouds
13,Grand Gaube,MU,-20.0064,57.6608,72.0,74,85,5.01,2022-05-30 23:16:18,overcast clouds
14,Mount Isa,AU,-20.7333,139.5,62.37,25,63,11.5,2022-05-30 23:16:18,broken clouds
15,Pietermaritzburg,ZA,-29.6168,30.3928,47.68,88,33,3.11,2022-05-30 23:16:18,scattered clouds
16,Hilo,US,19.7297,-155.09,88.29,69,0,11.5,2022-05-30 23:16:19,clear sky
17,Punta Arenas,CL,-53.15,-70.9167,42.91,75,0,13.8,2022-05-30 23:13:49,clear sky
18,Bluff,NZ,-46.6,168.3333,62.8,70,97,16.22,2022-05-30 23:16:19,overcast clouds
19,Lebu,CL,-37.6167,-73.65,44.64,76,0,13.02,2022-05-30 23:16:20,clear sky
20,Busselton,AU,-33.65,115.3333,51.4,86,1,7.76,2022-05-30 23:16:20,clear sky
21,Albany,US,42.6001,-73.9662,84.63,57,70,5.35,2022-05-30 23:13:10,broken clouds
22,Ribeira Grande,PT,38.5167,-28.7,57.6,72,20,3.44,2022-05-30 23:16:20,few clouds
23,Bredasdorp,ZA,-34.5322,20.0403,54.14,77,47,8.95,2022-05-30 23:16:21,scattered clouds
24,Vestmannaeyjar,IS,63.4427,-20.2734,49.98,90,82,6.46,2022-05-30 23:16:21,broken clouds
25,Atasu,KZ,48.6814,71.6433,60.55,71,96,8.21,2022-05-30 23:16:21,overcast clouds
26,Grants,US,35.1473,-107.8514,75.43,12,40,18.41,2022-05-30 23:16:22,scattered clouds
27,Porto Novo,BJ,6.4965,2.6036,84.02,83,77,8.81,2022-05-30 23:16:22,broken clouds
28,Pisco,PE,-13.7,-76.2167,64.45,77,0,17.27,2022-05-30 23:16:22,clear sky
29,Kerema,PG,-7.9631,145.7785,80.31,77,89,2.48,2022-05-30 23:16:22,overcast clouds
30,Thompson,CA,55.7435,-97.8558,44.78,94,100,7.58,2022-05-30 23:12:09,overcast clouds
31,Mar Del Plata,AR,-38.0023,-57.5575,44.94,63,40,5.75,2022-05-30 23:16:23,scattered clouds
32,Nikolskoye,RU,59.7035,30.7861,57.79,72,100,5.53,2022-05-30 23:16:23,overcast clouds
33,Kavieng,PG,-2.5744,150.7967,84.06,69,98,12.93,2022-05-30 23:16:23,overcast clouds
34,Nanortalik,GL,60.1432,-45.2371,37.94,90,97,4.72,2022-05-30 23:16:24,overcast clouds
35,Carnarvon,AU,-24.8667,113.6333,61.86,58,99,22.17,2022-05-30 23:16:24,light rain
36,Shingu,JP,33.7333,135.9833,65.91,94,100,5.32,2022-05-30 23:16:25,overcast clouds
37,Verkh-Usugli,RU,52.7,115.1667,47.75,61,49,2.62,2022-05-30 23:16:25,scattered clouds
38,Port Elizabeth,ZA,-33.918,25.5701,59.29,55,0,18.41,2022-05-30 23:16:25,clear sky
39,Yulara,AU,-25.2406,130.9889,50.86,50,100,5.64,2022-05-30 23:16:25,overcast clouds
40,Cairns,AU,-16.9167,145.7667,78.06,80,43,1.14,2022-05-30 23:16:26,scattered clouds
41,Lagoa,PT,39.05,-27.9833,59.13,75,42,20.89,2022-05-30 23:16:26,light rain
42,Shenjiamen,CN,29.9576,122.298,66.45,86,100,2.44,2022-05-30 23:16:26,overcast clouds
43,Tuatapere,NZ,-46.1333,167.6833,59.36,73,90,7.72,2022-05-30 23:16:27,overcast clouds
44,Butaritari,KI,3.0707,172.7902,81.64,72,37,14.03,2022-05-30 23:16:27,scattered clouds
45,Cayenne,GF,4.9333,-52.3333,76.08,1,100,1.14,2022-05-30 23:16:27,overcast clouds
46,Vaini,TO,-21.2,-175.2,82.56,78,40,8.05,2022-05-30 23:17:28,scattered clouds
47,Ponta Do Sol,PT,32.6667,-17.1,66.0,91,84,6.06,2022-05-30 23:17:28,light rain
48,Saskylakh,RU,71.9167,114.0833,23.49,98,99,2.55,2022-05-30 23:17:28,overcast clouds
49,Lorengau,PG,-2.0226,147.2712,78.48,88,100,9.82,2022-05-30 23:17:29,overcast clouds
50,Port Alfred,ZA,-33.5906,26.891,55.18,72,100,4.0,2022-05-30 23:17:29,overcast clouds
51,Elizabeth City,US,36.2946,-76.2511,82.42,62,0,11.5,2022-05-30 23:13:20,clear sky
52,Touros,BR,-5.1989,-35.4608,77.72,88,16,8.68,2022-05-30 23:16:25,few clouds
53,Provideniya,RU,64.3833,-173.3,41.11,75,0,4.47,2022-05-30 23:17:29,clear sky
54,Kambove,CD,-10.8764,26.5969,54.3,72,0,4.27,2022-05-30 23:17:30,clear sky
55,Sao Filipe,CV,14.8961,-24.4956,75.49,80,4,6.08,2022-05-30 23:07:54,clear sky
56,Smithers,CA,54.7804,-127.1743,66.52,32,75,3.44,2022-05-30 23:17:30,broken clouds
57,Yekaterinovka,RU,52.0508,44.3451,52.74,79,71,7.14,2022-05-30 23:17:30,broken clouds
58,Kapaa,US,22.0752,-159.319,84.18,74,20,11.5,2022-05-30 23:17:31,few clouds
59,Ponta Delgada,PT,37.7333,-25.6667,56.5,76,40,17.27,2022-05-30 23:17:31,light intensity drizzle rain
60,Jalu,LY,29.0331,21.5482,80.96,25,2,11.12,2022-05-30 23:17:31,clear sky
61,Tutoia,BR,-2.7619,-42.2744,78.19,84,18,6.29,2022-05-30 23:17:32,few clouds
62,Acapulco,MX,16.8634,-99.8901,84.02,70,100,12.66,2022-05-30 23:15:20,overcast clouds
63,Chernyshevskiy,RU,63.0128,112.4714,51.51,44,53,6.35,2022-05-30 23:17:32,broken clouds
64,Longyearbyen,SJ,78.2186,15.6401,39.04,93,75,12.66,2022-05-30 23:17:32,broken clouds
65,Channel-Port Aux Basques,CA,47.5702,-59.1367,46.65,93,56,11.7,2022-05-30 23:17:33,broken clouds
66,Rajnagar,IN,24.8833,79.9167,90.86,28,35,5.5,2022-05-30 23:17:33,scattered clouds
67,Portage,US,41.1667,-81.1998,84.61,48,24,6.17,2022-05-30 23:17:33,few clouds
68,Cidreira,BR,-30.1811,-50.2056,51.94,63,25,13.62,2022-05-30 23:17:34,scattered clouds
69,Narsaq,GL,60.9167,-46.05,48.42,77,82,5.59,2022-05-30 23:17:34,broken clouds
70,Balaipungut,ID,1.05,101.2833,74.25,94,96,2.71,2022-05-30 23:17:34,overcast clouds
71,New Norfolk,AU,-42.7826,147.0587,41.67,89,100,1.68,2022-05-30 23:17:35,moderate rain
72,Sabang,ID,5.8933,95.3214,83.32,75,100,20.18,2022-05-30 23:17:35,overcast clouds
73,Pitimbu,BR,-7.4706,-34.8086,77.59,88,92,8.86,2022-05-30 23:17:35,overcast clouds
74,Montceau-Les-Mines,FR,46.6667,4.3667,49.37,68,93,2.51,2022-05-30 23:17:36,overcast clouds
75,San Patricio,US,28.017,-97.5169,90.32,61,9,20.87,2022-05-30 23:07:59,clear sky
76,Maniitsoq,GL,65.4167,-52.9,39.92,73,89,10.0,2022-05-30 23:17:36,overcast clouds
77,Dwarka,IN,22.2394,68.9678,80.35,84,7,16.6,2022-05-30 23:17:36,clear sky
78,Atuona,PF,-9.8,-139.0333,77.97,76,62,12.01,2022-05-30 23:17:37,broken clouds
79,Mataura,NZ,-46.1927,168.8643,62.47,78,100,3.83,2022-05-30 23:17:37,overcast clouds
80,Ancud,CL,-41.8697,-73.8203,43.38,79,74,4.29,2022-05-30 23:17:37,broken clouds
81,Bredy,RU,52.4153,60.3411,51.12,86,64,8.68,2022-05-30 23:17:38,broken clouds
82,Gushikawa,JP,26.3544,127.8686,80.6,94,40,11.5,2022-05-30 23:17:38,scattered clouds
83,Arraial Do Cabo,BR,-22.9661,-42.0278,69.76,88,0,2.3,2022-05-30 23:17:38,clear sky
84,East London,ZA,-33.0153,27.9116,58.28,46,100,6.96,2022-05-30 23:17:39,overcast clouds
85,Chuy,UY,-33.6971,-53.4616,43.83,76,19,10.63,2022-05-30 23:17:39,few clouds
86,Jacksonville Beach,US,30.2947,-81.3931,83.05,77,40,11.5,2022-05-30 23:15:36,scattered clouds
87,Georgetown,MY,5.4112,100.3354,76.95,94,20,3.44,2022-05-30 23:17:40,few clouds
88,Bethel,US,41.3712,-73.414,85.05,63,0,9.22,2022-05-30 23:17:40,clear sky
89,Deputatskiy,RU,69.3,139.9,34.99,92,100,2.71,2022-05-30 23:17:40,overcast clouds
90,Carauari,BR,-4.8828,-66.8958,74.21,97,87,0.4,2022-05-30 23:18:41,overcast clouds
91,Ostrovnoy,RU,68.0531,39.5131,35.44,88,26,5.97,2022-05-30 23:18:41,scattered clouds
92,Bulgan,MN,48.8125,103.5347,47.25,80,9,3.69,2022-05-30 23:18:41,clear sky
93,Verkhoyansk,RU,67.5447,133.385,44.8,73,100,2.44,2022-05-30 23:18:42,overcast clouds
94,Seoul,KR,37.5683,126.9778,67.57,56,0,3.44,2022-05-30 23:18:18,clear sky
95,Hasaki,JP,35.7333,140.8333,66.6,84,100,14.56,2022-05-30 23:18:42,light rain
96,Kharp,RU,66.8014,65.8081,40.89,59,38,1.9,2022-05-30 23:18:42,scattered clouds
97,Dudinka,RU,69.4058,86.1778,33.1,82,88,18.41,2022-05-30 23:18:43,overcast clouds
98,Tiksi,RU,71.6872,128.8694,29.66,92,100,14.56,2022-05-30 23:18:43,light snow
99,Hithadhoo,MV,-0.6,73.0833,83.17,70,52,12.41,2022-05-30 23:18:44,broken clouds
100,Itarema,BR,-2.9248,-39.9167,77.32,89,39,11.25,2022-05-30 23:18:44,scattered clouds
101,Morondava,MG,-20.2833,44.2833,70.09,80,0,12.53,2022-05-30 23:18:44,clear sky
102,Idrinskoye,RU,54.3708,92.1358,60.01,79,84,5.26,2022-05-30 23:18:45,broken clouds
103,Cape Town,ZA,-33.9258,18.4232,56.26,85,40,11.5,2022-05-30 23:17:19,scattered clouds
104,Cerrito,CO,6.8432,-72.694,55.26,90,93,5.7,2022-05-30 23:18:45,overcast clouds
105,Caririacu,BR,-7.0422,-39.2836,71.69,94,75,4.61,2022-05-30 23:18:45,broken clouds
106,Clyde River,CA,70.4692,-68.5914,28.63,86,0,9.22,2022-05-30 23:18:45,clear sky
107,San Ramon,US,37.7799,-121.978,80.82,39,0,19.57,2022-05-30 23:17:32,clear sky
108,Khash,IR,28.2211,61.2158,68.34,15,1,5.41,2022-05-30 23:18:46,clear sky
109,Hobart,AU,-42.8794,147.3294,43.02,92,0,5.75,2022-05-30 23:18:46,clear sky
110,Bonavista,CA,48.6499,-53.1147,49.91,76,57,13.33,2022-05-30 23:18:46,broken clouds
111,Saldanha,ZA,-33.0117,17.9442,50.05,75,42,5.75,2022-05-30 23:18:47,scattered clouds
112,Padang,ID,-0.9492,100.3543,75.25,87,93,4.03,2022-05-30 23:18:47,overcast clouds
113,Otane,NZ,-39.8833,176.6333,66.0,77,61,4.25,2022-05-30 23:18:47,broken clouds
114,Bulungu,CD,-4.55,18.6,71.85,66,23,1.95,2022-05-30 23:18:48,few clouds
115,Tuktoyaktuk,CA,69.4541,-133.0374,32.0,80,75,9.22,2022-05-30 23:18:48,broken clouds
116,Palmas,BR,-10.2128,-48.3603,78.67,69,0,3.44,2022-05-30 23:18:36,clear sky
117,Jizan,SA,17.3333,42.6667,85.14,59,0,0.85,2022-05-30 23:18:48,clear sky
118,Maceio,BR,-9.6658,-35.7353,74.64,94,75,3.44,2022-05-30 23:18:12,broken clouds
119,Umm Lajj,SA,25.0213,37.2685,83.1,46,0,6.73,2022-05-30 23:18:49,clear sky
120,Turayf,SA,31.6725,38.6637,77.25,27,0,11.5,2022-05-30 23:18:49,clear sky
121,Zhigalovo,RU,54.8097,105.1578,48.07,96,91,5.88,2022-05-30 23:18:49,moderate rain
122,Ahipara,NZ,-35.1667,173.1667,64.89,85,100,10.76,2022-05-30 23:18:50,overcast clouds
123,Iquique,CL,-20.2208,-70.1431,60.84,83,97,5.66,2022-05-30 23:18:50,overcast clouds
124,Niesky,DE,51.2924,14.8211,47.01,99,10,3.49,2022-05-30 23:18:50,clear sky
125,Tuban,ID,-6.8976,112.0649,77.79,87,3,3.36,2022-05-30 23:18:51,clear sky
126,Erdenet,MN,49.0333,104.0833,45.93,71,20,4.14,2022-05-30 23:18:51,few clouds
127,Hofn,IS,64.2539,-15.2082,44.92,84,52,4.45,2022-05-30 23:18:51,broken clouds
128,Lompoc,US,34.6391,-120.4579,78.78,61,0,27.0,2022-05-30 23:18:51,clear sky
129,Sembe,CG,1.6481,14.5806,70.45,98,97,1.61,2022-05-30 23:18:52,overcast clouds
130,Palana,RU,59.1167,159.9667,44.33,65,95,3.04,2022-05-30 23:18:52,overcast clouds
131,Souillac,MU,-20.5167,57.5167,71.98,78,40,14.97,2022-05-30 23:18:52,scattered clouds
132,Dawlatabad,AF,36.4141,64.9053,68.83,32,0,7.07,2022-05-30 23:18:53,clear sky
133,Saint-Philippe,RE,-21.3585,55.7679,69.39,76,41,12.21,2022-05-30 23:18:53,scattered clouds
134,Urusha,RU,54.05,122.9,42.58,99,100,1.59,2022-05-30 23:18:53,light rain
135,Wageningen,NL,51.9667,5.6667,51.94,80,100,5.75,2022-05-30 23:18:54,overcast clouds
136,Sao Joao Da Barra,BR,-21.6403,-41.0511,73.89,88,9,11.86,2022-05-30 23:18:54,clear sky
137,Nata,PA,8.3333,-80.5167,79.16,88,100,2.3,2022-05-30 23:19:54,overcast clouds
138,Sao Miguel Do Araguaia,BR,-13.275,-50.1628,75.54,32,29,0.45,2022-05-30 23:19:55,scattered clouds
139,Sitka,US,57.0531,-135.33,51.69,82,100,6.91,2022-05-30 23:19:55,overcast clouds
140,Svetlogorsk,BY,52.6333,29.7333,44.87,95,43,6.11,2022-05-30 23:19:55,scattered clouds
141,Khatanga,RU,71.9667,102.5,33.89,75,58,7.14,2022-05-30 23:19:55,broken clouds
142,Isangel,VU,-19.55,169.2667,81.66,76,13,7.23,2022-05-30 23:19:56,few clouds
143,Anadyr,RU,64.75,177.4833,43.3,75,84,8.95,2022-05-30 23:19:56,fog
144,Iqaluit,CA,63.7506,-68.5145,38.93,75,20,11.5,2022-05-30 23:19:56,few clouds
145,San Rafael,AR,-34.6177,-68.3301,40.98,36,2,6.24,2022-05-30 23:18:15,clear sky
146,Nouadhibou,MR,20.931,-17.0347,69.78,88,0,14.97,2022-05-30 23:19:57,clear sky
147,Saposoa,PE,-6.934,-76.7716,77.81,76,18,0.74,2022-05-30 23:19:57,few clouds
148,Los Llanos De Aridane,ES,28.6585,-17.9182,69.55,90,0,17.27,2022-05-30 23:19:57,clear sky
149,Karratha,AU,-20.7377,116.8463,61.93,85,98,21.39,2022-05-30 23:19:58,overcast clouds
150,Kysyl-Syr,RU,63.8986,122.7617,42.49,97,100,8.46,2022-05-30 23:19:58,light rain
151,Pareora,NZ,-44.4871,171.2132,59.36,65,100,5.17,2022-05-30 23:19:58,overcast clouds
152,Lima,PE,-12.0432,-77.0282,65.89,73,20,9.22,2022-05-30 23:17:57,few clouds
153,Namibe,AO,-15.1961,12.1522,68.14,69,0,4.23,2022-05-30 23:19:59,clear sky
154,Severo-Kurilsk,RU,50.6789,156.125,43.2,88,75,1.1,2022-05-30 23:19:59,broken clouds
155,Tessalit,ML,20.1986,1.0114,93.16,23,63,18.34,2022-05-30 23:19:59,broken clouds
156,Ibimirim,BR,-8.5406,-37.6903,71.69,94,59,8.21,2022-05-30 23:20:00,broken clouds
157,Beringovskiy,RU,63.05,179.3167,39.92,73,83,2.93,2022-05-30 23:20:00,broken clouds
158,Harindanga,IN,22.0383,88.3214,83.34,86,31,7.34,2022-05-30 23:20:01,scattered clouds
159,Porto Velho,BR,-8.7619,-63.9039,77.05,88,0,2.3,2022-05-30 23:20:02,clear sky
160,Nemuro,JP,43.3236,145.575,43.92,96,100,11.65,2022-05-30 23:20:03,overcast clouds
161,Katsuura,JP,35.1333,140.3,64.42,82,100,11.03,2022-05-30 23:20:04,light rain
162,Port Augusta,AU,-32.5,137.7667,55.27,71,72,13.89,2022-05-30 23:19:22,broken clouds
163,Mezhdurechenskiy,RU,59.6,65.9333,48.42,98,71,6.15,2022-05-30 23:20:04,light rain
164,Yeniseysk,RU,58.4497,92.1703,48.02,88,84,7.56,2022-05-30 23:20:05,broken clouds
165,Shush,IR,32.1942,48.2436,88.11,11,0,6.6,2022-05-30 23:20:06,clear sky
166,Comodoro Rivadavia,AR,-45.8667,-67.5,44.46,53,0,6.91,2022-05-30 23:20:07,clear sky
167,Teya,RU,60.3778,92.6267,45.61,88,93,9.82,2022-05-30 23:20:07,overcast clouds
168,Airai,TL,-8.9266,125.4092,64.92,76,36,1.45,2022-05-30 23:20:08,scattered clouds
169,Victoria,HK,22.2855,114.1577,85.17,86,84,5.01,2022-05-30 23:17:36,light rain
170,Chuguyevka,RU,44.1653,133.8633,47.93,97,100,2.84,2022-05-30 23:20:08,overcast clouds
171,Mahebourg,MU,-20.4081,57.7,71.89,78,40,14.97,2022-05-30 23:20:09,scattered clouds
172,Saint Anthony,US,45.0205,-93.218,87.69,40,100,26.46,2022-05-30 23:20:09,overcast clouds
173,Alofi,NU,-19.0595,-169.9187,82.29,74,40,4.61,2022-05-30 23:19:03,scattered clouds
174,Dikson,RU,73.5069,80.5464,30.24,94,89,8.43,2022-05-30 23:20:09,overcast clouds
175,Juba,SS,4.8517,31.5825,68.76,91,83,3.96,2022-05-30 23:20:10,broken clouds
176,Mandiana,GN,10.6333,-8.6833,77.92,74,79,4.25,2022-05-30 23:18:08,broken clouds
177,San Quintin,MX,30.4833,-115.95,65.98,68,1,15.99,2022-05-30 23:20:10,clear sky
178,Bathsheba,BB,13.2167,-59.5167,81.21,78,20,14.97,2022-05-30 23:20:11,few clouds
179,Qaanaaq,GL,77.484,-69.3632,26.28,81,98,2.82,2022-05-30 23:20:11,overcast clouds
180,Colares,PT,38.7992,-9.4469,67.33,83,75,17.0,2022-05-30 23:20:12,broken clouds
181,Plettenberg Bay,ZA,-34.0527,23.3716,56.19,62,94,15.68,2022-05-30 23:20:12,light rain
182,Fare,PF,-16.7,-151.0167,80.04,69,29,9.17,2022-05-30 23:20:12,scattered clouds
183,Linqiong,CN,30.4159,103.4609,73.22,78,53,1.66,2022-05-30 23:21:13,broken clouds
184,Acarau,BR,-2.8856,-40.12,78.17,87,48,13.42,2022-05-30 23:21:13,scattered clouds
185,Natal,BR,-5.795,-35.2094,79.02,94,75,5.75,2022-05-30 23:21:13,broken clouds
186,Saint George,US,37.1041,-113.5841,79.63,12,0,8.05,2022-05-30 23:21:13,clear sky
187,Saint-Andre-Les-Vergers,FR,48.2853,4.0521,46.44,81,0,8.05,2022-05-30 23:21:14,clear sky
188,Lake Park,US,26.8003,-80.0664,80.06,67,64,3.0,2022-05-30 23:21:14,broken clouds
189,Kilindoni,TZ,-7.9139,39.6668,78.24,75,3,10.04,2022-05-30 23:21:14,light rain
190,Marsh Harbour,BS,26.5412,-77.0636,77.92,66,100,6.82,2022-05-30 23:19:49,light rain
191,Yeppoon,AU,-23.1333,150.7333,67.78,48,73,8.68,2022-05-30 23:21:15,broken clouds
192,Taltal,CL,-25.4,-70.4833,59.02,80,20,4.59,2022-05-30 23:21:15,few clouds
193,Coquimbo,CL,-29.9533,-71.3436,53.33,82,0,4.61,2022-05-30 23:19:08,clear sky
194,Coihaique,CL,-45.5752,-72.0662,28.35,93,0,0.0,2022-05-30 23:19:10,clear sky
195,Te Anau,NZ,-45.4167,167.7167,56.23,82,84,6.55,2022-05-30 23:21:15,broken clouds
196,Barrow,US,71.2906,-156.7887,30.22,80,100,0.0,2022-05-30 23:17:34,light snow
197,Thinadhoo,MV,0.5333,72.9333,83.52,70,95,15.9,2022-05-30 23:21:16,overcast clouds
198,Faanui,PF,-16.4833,-151.75,79.81,72,57,9.15,2022-05-30 23:21:16,light rain
199,Vanavara,RU,60.34,102.2797,51.94,71,99,4.09,2022-05-30 23:21:16,overcast clouds
200,Saiha,IN,22.4833,92.9667,69.76,94,93,2.15,2022-05-30 23:21:16,overcast clouds
201,Opuwo,NA,-18.0607,13.84,62.74,37,0,8.41,2022-05-30 23:21:17,clear sky
202,Plesetsk,RU,62.708,40.2916,53.55,89,96,1.48,2022-05-30 23:21:17,overcast clouds
203,Impfondo,CG,1.6381,18.0667,71.89,94,72,1.63,2022-05-30 23:21:17,broken clouds
204,Chapais,CA,49.7834,-74.8492,46.18,89,100,8.72,2022-05-30 23:21:18,overcast clouds
205,Hamilton,US,39.1834,-84.5333,87.01,53,0,12.66,2022-05-30 23:21:18,clear sky
206,Beni Mazar,EG,28.4962,30.8029,83.98,17,0,12.64,2022-05-30 23:21:18,clear sky
207,Talcahuano,CL,-36.7167,-73.1167,44.28,76,0,2.3,2022-05-30 23:21:19,clear sky
208,Stokmarknes,NO,68.5646,14.9108,48.18,76,3,2.3,2022-05-30 23:21:19,clear sky
209,Bairiki,KI,1.3292,172.9752,86.0,70,40,11.5,2022-05-30 23:21:19,scattered clouds
210,Kawalu,ID,-7.3817,108.2082,71.04,96,52,2.93,2022-05-30 23:21:20,broken clouds
211,Mareeba,AU,-17.0,145.4333,73.44,77,48,1.28,2022-05-30 23:21:20,scattered clouds
212,Nuuk,GL,64.1835,-51.7216,47.01,66,20,6.91,2022-05-30 23:21:20,few clouds
213,Mochudi,BW,-24.4167,26.15,53.87,31,0,6.24,2022-05-30 23:21:20,clear sky
214,Tasiilaq,GL,65.6145,-37.6368,33.96,90,48,2.64,2022-05-30 23:21:21,scattered clouds
215,Ust-Nera,RU,64.5667,143.2,48.6,81,100,3.18,2022-05-30 23:21:21,overcast clouds
216,Abha,SA,18.2164,42.5053,66.02,52,0,0.0,2022-05-30 23:21:21,clear sky
217,Srednekolymsk,RU,67.45,153.6833,60.42,48,98,9.62,2022-05-30 23:21:22,overcast clouds
218,Lajas,PR,18.05,-67.0593,84.18,74,59,15.01,2022-05-30 23:21:22,broken clouds
219,Beira,MZ,-19.8436,34.8389,68.09,94,0,2.3,2022-05-30 23:21:22,clear sky
220,Mount Gambier,AU,-37.8333,140.7667,42.71,93,40,18.41,2022-05-30 23:18:22,light intensity shower rain
221,Safaga,EG,26.7292,33.9365,86.9,28,0,10.38,2022-05-30 23:21:22,clear sky
222,Castro,BR,-24.7911,-50.0119,61.11,97,100,6.13,2022-05-30 23:21:23,overcast clouds
223,Cherskiy,RU,68.75,161.3,51.85,50,98,4.65,2022-05-30 23:21:23,overcast clouds
224,Crotone,IT,39.0851,17.1178,77.2,55,54,6.91,2022-05-30 23:21:23,broken clouds
225,Ishurdi,BD,24.1333,89.0833,80.56,78,84,6.73,2022-05-30 23:21:24,broken clouds
226,Sovetskiy,RU,61.3614,63.5842,43.23,88,99,7.94,2022-05-30 23:21:24,overcast clouds
227,Abomey,BJ,7.1829,1.9912,73.96,92,53,6.8,2022-05-30 23:21:24,broken clouds
228,Celestun,MX,20.8667,-90.4,85.15,66,98,15.26,2022-05-30 23:21:25,overcast clouds
229,Quelimane,MZ,-17.8786,36.8883,71.55,68,0,4.61,2022-05-30 23:22:25,clear sky
230,Ambovombe,MG,-25.1667,46.0833,65.43,81,0,2.59,2022-05-30 23:22:25,clear sky
231,Pangnirtung,CA,66.1451,-65.7125,32.58,91,15,1.3,2022-05-30 23:22:25,few clouds
232,Halifax,CA,44.6453,-63.5724,75.09,59,75,13.8,2022-05-30 23:17:48,broken clouds
233,Kuruman,ZA,-27.4524,23.4325,45.19,50,2,7.81,2022-05-30 23:22:26,clear sky
234,Macultepec,MX,18.1667,-92.8333,92.08,56,75,6.91,2022-05-30 23:22:26,broken clouds
235,Aswan,EG,24.0934,32.907,88.25,10,0,9.42,2022-05-30 23:22:26,clear sky
236,Bam,IR,29.106,58.357,74.84,8,2,9.75,2022-05-30 23:22:27,clear sky
237,Goderich,CA,43.7501,-81.7165,79.12,47,100,16.11,2022-05-30 23:22:27,overcast clouds
238,Smolenskoye,RU,52.3044,85.0781,58.26,76,100,4.09,2022-05-30 23:22:27,overcast clouds
239,Nelson Bay,AU,-32.7167,152.15,59.11,61,83,4.0,2022-05-30 23:22:27,broken clouds
240,Hami,CN,42.8,93.45,76.19,25,0,4.36,2022-05-30 23:22:28,clear sky
241,Akyab,MM,20.15,92.9,80.44,87,59,8.28,2022-05-30 23:22:28,broken clouds
242,Mount Pleasant,US,32.7941,-79.8626,82.31,81,20,8.05,2022-05-30 23:17:29,few clouds
243,Okha,RU,53.5739,142.9478,39.49,89,100,14.72,2022-05-30 23:22:28,overcast clouds
244,Totness,SR,5.8833,-56.3167,78.64,86,79,11.03,2022-05-30 23:22:29,broken clouds
245,Makakilo City,US,21.3469,-158.0858,82.72,52,100,16.11,2022-05-30 23:21:11,overcast clouds
246,Litovko,RU,49.2361,135.1742,51.93,93,100,4.7,2022-05-30 23:22:29,light rain
247,Jipijapa,EC,-1.3333,-80.5833,69.3,88,100,6.06,2022-05-30 23:22:29,overcast clouds
248,Chokurdakh,RU,70.6333,147.9167,41.5,67,83,8.61,2022-05-30 23:22:29,broken clouds
249,Codrington,AU,-38.2667,141.9667,48.79,66,96,18.57,2022-05-30 23:22:30,overcast clouds
250,Jeremie,HT,18.65,-74.1167,81.37,79,79,3.87,2022-05-30 23:22:30,broken clouds
251,Mayo,US,38.8876,-76.5119,89.73,66,0,14.97,2022-05-30 23:22:30,clear sky
252,Naze,JP,28.3667,129.4833,72.52,83,91,8.03,2022-05-30 23:22:31,light rain
253,Ilulissat,GL,69.2167,-51.1,37.42,65,20,11.5,2022-05-30 23:22:31,few clouds
254,Bulaevo,KZ,54.9056,70.4439,54.0,88,100,6.22,2022-05-30 23:22:31,overcast clouds
255,Esso,RU,55.9333,158.7,44.04,83,80,2.26,2022-05-30 23:22:31,broken clouds
256,Nizhnevartovsk,RU,60.9344,76.5531,44.62,93,0,4.47,2022-05-30 23:22:32,clear sky
257,Whitehorse,CA,60.7161,-135.0538,69.03,19,75,6.91,2022-05-30 23:22:32,broken clouds
258,Sarkand,KZ,45.41,79.9186,58.5,72,100,3.69,2022-05-30 23:22:32,overcast clouds
259,Chicama,PE,-7.8447,-79.1469,61.34,74,9,5.7,2022-05-30 23:22:33,clear sky
260,Yellowknife,CA,62.456,-114.3525,57.72,33,20,9.22,2022-05-30 23:22:33,few clouds
261,Portobelo,PA,9.55,-79.65,80.96,88,99,6.53,2022-05-30 23:22:33,overcast clouds
262,Kragero,NO,58.8693,9.4149,51.58,80,93,6.15,2022-05-30 23:22:33,overcast clouds
263,Udachnyy,RU,66.4167,112.4,42.26,60,67,10.92,2022-05-30 23:22:34,broken clouds
264,Salalah,OM,17.0151,54.0924,84.29,84,75,5.75,2022-05-30 23:22:34,broken clouds
265,Hovd,MN,48.0056,91.6419,60.84,29,100,0.96,2022-05-30 23:22:34,overcast clouds
266,Kavaratti,IN,10.5669,72.642,82.29,73,78,12.03,2022-05-30 23:22:35,broken clouds
267,Mandalgovi,MN,45.7625,106.2708,49.93,54,42,18.9,2022-05-30 23:22:35,scattered clouds
268,Guiyang,CN,26.5833,106.7167,66.69,94,40,4.47,2022-05-30 23:22:35,scattered clouds
269,Riyadh,SA,24.6877,46.7219,78.94,11,0,5.28,2022-05-30 23:19:23,clear sky
270,Ciudad Bolivar,VE,8.1222,-63.5497,85.8,54,100,7.65,2022-05-30 23:22:35,overcast clouds
271,Margate,GB,51.3813,1.3862,50.31,75,98,1.01,2022-05-30 23:22:36,overcast clouds
272,Cabo San Lucas,MX,22.8909,-109.9124,85.6,50,0,21.85,2022-05-30 23:22:36,clear sky
273,Rosario,AR,-32.9468,-60.6393,47.95,41,0,4.61,2022-05-30 23:19:15,clear sky
274,Chino Valley,US,34.7575,-112.4538,81.73,9,0,17.27,2022-05-30 23:23:36,clear sky
275,Kodiak,US,57.79,-152.4072,45.91,81,100,9.22,2022-05-30 23:23:37,overcast clouds
276,Port Blair,IN,11.6667,92.75,81.43,85,91,14.27,2022-05-30 23:23:37,overcast clouds
277,Wagar,SD,16.1525,36.2032,91.54,15,12,4.68,2022-05-30 23:23:37,few clouds
278,Bengkulu,ID,-3.8004,102.2655,74.66,90,47,4.03,2022-05-30 23:23:37,moderate rain
279,Tezu,IN,27.9167,96.1667,74.23,75,13,3.85,2022-05-30 23:23:38,few clouds
280,Pyaozerskiy,RU,65.8333,31.1667,47.79,87,78,7.56,2022-05-30 23:23:38,broken clouds
281,Pevek,RU,69.7008,170.3133,34.18,88,100,3.02,2022-05-30 23:23:38,overcast clouds
282,Flinders,AU,-34.5833,150.8552,58.37,60,63,15.01,2022-05-30 23:23:39,broken clouds
283,Eyl,SO,7.9803,49.8164,79.5,76,18,22.32,2022-05-30 23:23:39,few clouds
284,Vostok,RU,46.4856,135.8833,47.01,90,100,3.78,2022-05-30 23:23:39,overcast clouds
285,Severnyy,RU,50.677,36.5532,60.84,77,0,8.95,2022-05-30 23:23:39,clear sky
286,Liaozhong,CN,41.5061,122.7242,62.87,57,5,7.43,2022-05-30 23:23:40,clear sky
287,Mehamn,NO,71.0357,27.8492,40.91,66,5,7.52,2022-05-30 23:23:40,clear sky
288,Payo,ID,-3.7508,103.6372,71.37,98,67,1.79,2022-05-30 23:23:40,moderate rain
289,High Level,CA,58.5169,-117.136,66.31,27,40,11.5,2022-05-30 23:20:05,scattered clouds
290,Raudeberg,NO,61.9875,5.1352,47.86,89,34,8.84,2022-05-30 23:23:41,scattered clouds
291,Booue,GA,-0.0921,11.9385,73.85,96,100,0.87,2022-05-30 23:23:41,moderate rain
292,Yerbogachen,RU,61.2767,108.0108,53.92,49,85,8.19,2022-05-30 23:23:41,overcast clouds
293,Outjo,NA,-20.1167,16.15,58.55,37,3,9.62,2022-05-30 23:23:41,clear sky
294,Arman,RU,59.7,150.1667,50.02,68,100,2.01,2022-05-30 23:23:42,overcast clouds
295,Vestmanna,FO,62.1564,-7.1664,43.72,81,100,6.91,2022-05-30 23:23:42,overcast clouds
296,Sergeyevka,KZ,53.88,67.4158,55.22,90,100,9.17,2022-05-30 23:23:42,light rain
297,Fuerte Olimpo,PY,-21.0415,-57.8738,62.1,96,100,7.09,2022-05-30 23:23:43,overcast clouds
298,Chongoyape,PE,-6.6406,-79.3892,71.83,68,11,5.21,2022-05-30 23:23:43,few clouds
299,Chilpancingo,MX,17.55,-99.5,77.13,70,100,7.09,2022-05-30 23:23:43,overcast clouds
300,Stege,DK,54.987,12.2846,51.06,83,99,5.68,2022-05-30 23:23:43,overcast clouds
301,Ahuimanu,US,21.4447,-157.8378,83.91,59,20,16.11,2022-05-30 23:23:44,few clouds
302,Manta,EC,-0.95,-80.7333,73.18,83,100,11.5,2022-05-30 23:23:44,overcast clouds
303,Samarai,PG,-10.6167,150.6667,80.94,71,35,8.46,2022-05-30 23:23:44,scattered clouds
304,Carbonia,IT,39.1672,8.5222,70.02,92,49,2.04,2022-05-30 23:23:44,scattered clouds
305,Pokhara,NP,28.2333,83.9833,70.88,77,72,3.8,2022-05-30 23:23:45,broken clouds
306,Vila Franca Do Campo,PT,37.7167,-25.4333,57.2,86,98,22.5,2022-05-30 23:23:45,light rain
307,Doba,TD,8.65,16.85,78.67,62,98,4.41,2022-05-30 23:23:45,overcast clouds
308,Bintulu,MY,3.1667,113.0333,79.21,94,20,2.3,2022-05-30 23:23:46,few clouds
309,Talnakh,RU,69.4865,88.3972,37.29,79,6,4.05,2022-05-30 23:23:46,clear sky
310,Ola,RU,59.5833,151.2833,50.14,77,100,2.66,2022-05-30 23:23:46,overcast clouds
311,Vila,PT,42.0304,-8.1588,52.68,90,100,2.91,2022-05-30 23:23:46,overcast clouds
312,Turbat,PK,26.0023,63.044,82.78,67,0,3.58,2022-05-30 23:23:47,clear sky
313,Pionerskiy,RU,54.9508,20.2275,49.84,87,100,9.51,2022-05-30 23:23:47,overcast clouds
314,Pacific Grove,US,36.6177,-121.9166,78.39,71,40,13.8,2022-05-30 23:23:47,scattered clouds
315,The Valley,AI,18.217,-63.0578,81.1,78,20,11.5,2022-05-30 23:23:48,few clouds
316,Tunceli,TR,39.1083,39.5471,67.98,47,11,4.88,2022-05-30 23:23:48,few clouds
317,Rio Grande,BR,-32.035,-52.0986,42.91,66,20,12.3,2022-05-30 23:22:48,few clouds
318,Bambous Virieux,MU,-20.3428,57.7575,71.85,78,40,14.97,2022-05-30 23:23:48,light rain
319,Leningradskiy,RU,69.3833,178.4167,40.73,77,93,6.69,2022-05-30 23:23:48,overcast clouds
320,Uyuni,BO,-20.4597,-66.825,42.01,23,90,16.64,2022-05-30 23:23:49,overcast clouds
321,Kruisfontein,ZA,-34.0033,24.7314,52.88,57,99,13.09,2022-05-30 23:24:49,overcast clouds
322,Tello,CO,3.0669,-75.1378,79.21,86,35,2.08,2022-05-30 23:24:49,scattered clouds
323,Pennadam,IN,11.4,79.2333,82.44,69,100,11.23,2022-05-30 23:24:50,overcast clouds
324,Saint-Pierre,RE,-21.3393,55.4781,69.91,78,75,14.97,2022-05-30 23:24:50,broken clouds
325,Marienburg,PL,54.0359,19.0266,52.12,93,80,6.04,2022-05-30 23:24:50,broken clouds
326,Antalaha,MG,-14.9003,50.2788,70.66,79,79,8.23,2022-05-30 23:24:50,broken clouds
327,Kholodnyy,RU,62.7167,147.95,44.2,84,100,6.06,2022-05-30 23:24:51,overcast clouds
328,Avera,US,33.194,-82.5271,75.25,70,94,10.76,2022-05-30 23:24:51,overcast clouds
329,Pokrovsk,UA,48.282,37.1758,63.25,81,24,8.34,2022-05-30 23:24:51,few clouds
330,Charters Towers,AU,-20.1,146.2667,63.61,36,92,13.62,2022-05-30 23:24:52,overcast clouds
331,Oum Hadjer,TD,13.2954,19.6966,91.58,13,51,5.23,2022-05-30 23:24:52,broken clouds
332,Yurimaguas,PE,-5.9,-76.0833,80.38,73,74,2.68,2022-05-30 23:24:52,broken clouds
333,Oranjemund,NA,-28.55,16.4333,52.59,68,0,10.83,2022-05-30 23:24:52,clear sky
334,Inhambane,MZ,-23.865,35.3833,69.85,72,86,11.9,2022-05-30 23:24:53,overcast clouds
335,Mandera,KE,3.9366,41.867,78.08,66,60,13.6,2022-05-30 23:24:53,broken clouds
336,Waddan,LY,29.1614,16.139,84.94,19,97,18.5,2022-05-30 23:24:53,overcast clouds
337,Santa Maria,BR,-29.6842,-53.8069,43.9,70,0,3.44,2022-05-30 23:23:47,clear sky
338,Gornopravdinsk,RU,60.05,69.9,47.48,83,99,5.66,2022-05-30 23:24:54,overcast clouds
339,Aksu,CN,41.1231,80.2644,70.59,30,98,12.68,2022-05-30 23:24:54,overcast clouds
340,Garowe,SO,8.4054,48.4845,81.18,52,10,24.9,2022-05-30 23:24:54,clear sky
341,Kiunga,PG,-6.1219,141.2906,71.51,99,100,2.1,2022-05-30 23:24:54,overcast clouds
342,Hobyo,SO,5.3505,48.5268,78.21,83,8,26.6,2022-05-30 23:24:55,clear sky
343,Berlevag,NO,70.8578,29.0864,42.6,87,5,2.3,2022-05-30 23:24:55,clear sky
344,Esperance,AU,-33.8667,121.9,56.5,76,100,10.4,2022-05-30 23:24:55,overcast clouds
345,Fitii,PF,-16.7333,-151.0333,79.61,70,27,9.1,2022-05-30 23:24:55,scattered clouds
346,Carroll,US,39.5501,-77.0164,87.28,54,33,1.99,2022-05-30 23:24:56,scattered clouds
347,Kassala,SD,15.451,36.4,91.6,13,6,7.25,2022-05-30 23:24:56,clear sky
348,Vakhrushev,RU,48.9833,142.9667,42.62,89,100,3.89,2022-05-30 23:24:56,overcast clouds
349,Sao Joao Do Paraiso,BR,-15.3136,-42.0144,68.54,46,2,1.3,2022-05-30 23:24:30,clear sky
350,Kahului,US,20.8947,-156.47,87.82,45,40,23.02,2022-05-30 23:24:57,scattered clouds
351,Atar,MR,20.5169,-13.0499,90.55,16,11,7.61,2022-05-30 23:24:57,few clouds
352,Luganville,VU,-15.5333,167.1667,83.8,71,34,6.89,2022-05-30 23:24:57,scattered clouds
353,Upernavik,GL,72.7868,-56.1549,28.85,80,40,16.31,2022-05-30 23:24:58,scattered clouds
354,Lavrentiya,RU,65.5833,-171.0,40.15,83,85,4.52,2022-05-30 23:24:58,overcast clouds
355,Den Chai,TH,17.9837,100.0522,75.42,98,100,2.26,2022-05-30 23:24:58,light rain
356,Langxiang,CN,46.95,128.8833,54.48,76,60,3.4,2022-05-30 23:24:58,broken clouds
357,Okhotsk,RU,59.3833,143.3,39.38,81,100,4.36,2022-05-30 23:24:59,overcast clouds
358,Zhuanghe,CN,39.7008,122.9911,63.88,61,70,5.82,2022-05-30 23:24:59,broken clouds
359,Port Lincoln,AU,-34.7333,135.8667,54.95,56,79,24.23,2022-05-30 23:24:59,broken clouds
360,Kisangani,CD,0.5167,25.2,70.5,89,8,2.42,2022-05-30 23:24:59,clear sky
361,Lokhvytsya,UA,50.3678,33.2602,58.8,99,98,5.66,2022-05-30 23:25:00,overcast clouds
362,Mombaca,BR,-5.7431,-39.6275,78.15,64,50,5.17,2022-05-30 23:25:00,scattered clouds
363,Gvarv,NO,59.3875,9.1737,54.03,92,97,4.21,2022-05-30 23:25:00,overcast clouds
364,Boa Vista,BR,2.8197,-60.6733,85.98,62,20,6.91,2022-05-30 23:25:01,light rain
365,Barra Patuca,HN,15.8,-84.2833,79.38,85,98,11.39,2022-05-30 23:25:01,overcast clouds
366,Bartlesville,US,36.7473,-95.9808,85.1,66,40,14.97,2022-05-30 23:26:01,scattered clouds
367,Olafsvik,IS,64.8945,-23.7142,49.28,82,93,9.35,2022-05-30 23:26:02,overcast clouds
368,Mildura,AU,-34.2,142.15,51.08,87,49,22.95,2022-05-30 23:26:02,scattered clouds
369,Gelibolu,TR,40.4103,26.6708,62.46,74,0,1.14,2022-05-30 23:26:02,clear sky
370,Qingdao,CN,36.0986,120.3719,73.0,53,0,11.18,2022-05-30 23:26:03,clear sky
371,Kudahuvadhoo,MV,2.6708,72.8944,81.72,77,98,17.98,2022-05-30 23:26:03,overcast clouds
372,Sao Sebastiao,BR,-23.76,-45.4097,71.8,82,89,0.56,2022-05-30 23:26:03,moderate rain
373,Brooks,CA,50.5834,-111.8851,64.38,33,98,17.27,2022-05-30 23:26:04,overcast clouds
374,Mumbwa,ZM,-14.9783,27.0619,53.2,59,0,3.94,2022-05-30 23:26:04,clear sky
375,Kantunilkin,MX,21.0917,-87.45,73.87,88,99,6.87,2022-05-30 23:26:04,overcast clouds
376,Ust-Omchug,RU,61.15,149.6333,41.34,88,100,8.75,2022-05-30 23:26:05,overcast clouds
377,Bubaque,GW,11.2833,-15.8333,79.29,74,100,11.97,2022-05-30 23:26:05,light rain
378,Gloversville,US,43.0528,-74.3438,83.14,72,80,7.25,2022-05-30 23:26:05,broken clouds
379,Aykhal,RU,66.0,111.5,44.01,56,94,12.26,2022-05-30 23:26:05,overcast clouds
380,Kaitangata,NZ,-46.2817,169.8464,55.31,77,100,3.8,2022-05-30 23:26:06,overcast clouds
381,Puerto Carreno,CO,6.189,-67.4859,87.78,66,40,3.44,2022-05-30 23:26:06,scattered clouds
382,Davila,PH,18.4726,120.5763,80.58,73,55,2.75,2022-05-30 23:26:06,broken clouds
383,Killybegs,IE,54.6333,-8.45,47.32,82,39,8.23,2022-05-30 23:26:07,scattered clouds
384,Puerto Escondido,MX,15.85,-97.0667,81.43,61,100,18.41,2022-05-30 23:26:07,overcast clouds
385,Iracoubo,GF,5.4802,-53.2011,78.06,87,100,10.65,2022-05-30 23:26:07,overcast clouds
386,Dingle,PH,10.9995,122.6711,76.84,86,99,4.88,2022-05-30 23:26:07,moderate rain
387,Fulton,US,33.7668,-84.4499,81.39,69,75,13.8,2022-05-30 23:26:08,broken clouds
388,Kapuskasing,CA,49.4169,-82.4331,77.09,65,100,3.44,2022-05-30 23:23:02,overcast clouds
389,Cowra,AU,-33.8333,148.6833,45.21,94,96,14.32,2022-05-30 23:26:08,overcast clouds
390,Mogadishu,SO,2.0371,45.3438,79.48,78,85,15.28,2022-05-30 23:24:29,overcast clouds
391,Derzhavinsk,KZ,51.1,66.3167,64.78,67,40,9.31,2022-05-30 23:26:09,scattered clouds
392,Pimentel,PE,-6.8367,-79.9342,66.49,68,0,21.85,2022-05-30 23:26:09,clear sky
393,Itum-Kale,RU,42.7356,45.5758,58.78,80,80,7.83,2022-05-30 23:26:09,broken clouds
394,Puerto Baquerizo Moreno,EC,-0.9,-89.6,68.99,100,100,9.22,2022-05-30 23:26:09,light intensity drizzle rain
395,Garissa,KE,-0.4536,39.6401,74.01,84,26,11.1,2022-05-30 23:26:10,scattered clouds
396,Baruun-Urt,MN,46.6806,113.2792,51.67,43,39,6.78,2022-05-30 23:26:10,scattered clouds
397,Shahrud,IR,36.4182,54.9763,63.99,37,0,5.1,2022-05-30 23:26:10,clear sky
398,Lodja,CD,-3.4833,23.4333,70.74,79,8,1.7,2022-05-30 23:26:10,clear sky
399,Otradnoye,RU,59.7775,30.8181,57.96,72,99,5.23,2022-05-30 23:26:11,overcast clouds
400,Manuk Mangkaw,PH,4.8,119.85,82.17,73,100,4.92,2022-05-30 23:26:11,overcast clouds
401,Abu Zabad,SD,12.35,29.25,84.06,20,32,2.19,2022-05-30 23:26:11,scattered clouds
402,Remedios,CU,22.4947,-79.5458,81.52,77,95,14.14,2022-05-30 23:26:12,overcast clouds
403,Aklavik,CA,68.2191,-135.0107,39.2,75,75,8.05,2022-05-30 23:26:12,broken clouds
404,Ixtapa,MX,20.7,-105.2,81.63,69,0,14.97,2022-05-30 23:26:12,clear sky
405,Bajah,YE,13.8141,44.6301,78.98,51,84,4.45,2022-05-30 23:26:13,broken clouds
406,Champerico,GT,14.3,-91.9167,88.34,69,85,7.74,2022-05-30 23:26:13,overcast clouds
407,Morant Bay,JM,17.8815,-76.4093,85.71,80,80,10.74,2022-05-30 23:26:13,broken clouds
408,Bhuj,IN,23.2667,69.6667,77.9,89,11,15.73,2022-05-30 23:26:14,few clouds
409,Odweyne,SO,9.4092,45.064,74.88,53,22,13.85,2022-05-30 23:27:14,few clouds
410,Trelew,AR,-43.249,-65.3051,40.91,54,13,9.42,2022-05-30 23:27:14,few clouds
411,Sarakhs,IR,36.5449,61.1577,64.54,42,0,0.0,2022-05-30 23:27:14,clear sky
412,Puerto Del Rosario,ES,28.5004,-13.8627,69.55,73,20,4.61,2022-05-30 23:27:15,few clouds
413,Altay,CN,47.8667,88.1167,60.3,77,100,0.07,2022-05-30 23:27:15,overcast clouds
414,Caravelas,BR,-17.7125,-39.2481,74.73,90,5,8.25,2022-05-30 23:27:15,clear sky
415,Dicabisagan,PH,17.0818,122.4157,81.73,83,72,4.63,2022-05-30 23:27:16,broken clouds
416,Waipawa,NZ,-41.4122,175.5153,59.4,75,76,15.35,2022-05-30 23:27:16,moderate rain
417,Jaspur,IN,29.2833,78.8167,82.71,24,0,4.81,2022-05-30 23:27:16,clear sky
418,Deception Bay,AU,-27.2,153.0333,65.08,56,92,14.99,2022-05-30 23:27:17,overcast clouds
419,Barcelos,PT,41.5388,-8.6151,66.34,77,100,3.42,2022-05-30 23:27:17,overcast clouds
420,Gainesville,US,29.6516,-82.3248,82.94,77,0,8.05,2022-05-30 23:26:45,clear sky
421,Muros,ES,42.7762,-9.0603,60.1,90,100,6.11,2022-05-30 23:27:17,overcast clouds
422,Khorramshahr,IR,30.4397,48.1664,87.75,20,0,6.91,2022-05-30 23:27:17,clear sky
423,Kulhudhuffushi,MV,6.6221,73.07,78.87,85,100,30.0,2022-05-30 23:27:18,moderate rain
424,Tazovskiy,RU,67.4667,78.7,32.86,73,67,16.78,2022-05-30 23:27:18,broken clouds
425,Adelaide,AU,-34.9333,138.6,55.22,63,75,28.77,2022-05-30 23:25:15,light rain
426,Vega De Alatorre,MX,20.0333,-96.6333,86.11,66,98,14.61,2022-05-30 23:27:18,overcast clouds
427,Bonthe,SL,7.5264,-12.505,79.05,85,87,3.6,2022-05-30 23:27:19,moderate rain
428,Kwinana,AU,-32.25,115.7667,53.24,75,31,9.44,2022-05-30 23:27:19,scattered clouds
429,Hyeres,FR,43.1167,6.1167,65.73,67,0,2.3,2022-05-30 23:27:19,clear sky
430,Denpasar,ID,-8.65,115.2167,76.66,94,20,6.91,2022-05-30 23:26:34,few clouds
431,Kuryk,KZ,43.2,51.65,74.61,28,0,6.82,2022-05-30 23:27:20,clear sky
432,Waitati,NZ,-45.75,170.5667,59.81,58,100,8.41,2022-05-30 23:27:20,overcast clouds
433,Itacoatiara,BR,-3.1431,-58.4442,74.8,95,77,1.68,2022-05-30 23:27:20,broken clouds
434,Muyezerskiy,RU,63.9333,31.65,47.23,96,55,4.68,2022-05-30 23:27:21,broken clouds
435,Austin,US,30.2672,-97.7431,95.32,45,20,20.71,2022-05-30 23:27:16,few clouds
436,Dorado,PR,18.4588,-66.2677,82.72,80,75,14.97,2022-05-30 23:27:21,broken clouds
437,Westport,US,41.1415,-73.3579,83.75,65,0,9.22,2022-05-30 23:24:55,clear sky
438,Manadhoo,MV,5.7667,73.3833,78.42,92,100,26.13,2022-05-30 23:27:21,moderate rain
439,Tamale,GH,9.4008,-0.8393,82.71,64,62,6.24,2022-05-30 23:27:22,light rain
440,Lerwick,GB,60.1545,-1.1494,50.0,86,15,8.25,2022-05-30 23:27:22,few clouds
441,Asosa,ET,10.0667,34.5333,64.72,73,88,2.91,2022-05-30 23:27:22,overcast clouds
442,Kloulklubed,PW,7.0419,134.2556,77.5,73,95,2.28,2022-05-30 23:27:23,overcast clouds
443,Calvinia,ZA,-31.4707,19.776,42.33,38,0,5.32,2022-05-30 23:27:23,clear sky
444,San Pedro Buenavista,MX,16.0833,-93.1167,75.29,78,100,4.99,2022-05-30 23:27:23,overcast clouds
445,La Ronge,CA,55.1001,-105.2842,57.45,51,75,17.27,2022-05-30 23:27:16,broken clouds
446,Moses Lake,US,47.1301,-119.2781,65.08,48,20,8.05,2022-05-30 23:26:27,few clouds
447,Caconda,AO,-13.7333,15.0667,54.93,52,5,3.06,2022-05-30 23:27:24,clear sky
448,Torbay,CA,47.6666,-52.7314,58.87,50,75,8.05,2022-05-30 23:26:01,shower rain
449,High Prairie,CA,55.4334,-116.4858,60.06,37,9,4.74,2022-05-30 23:27:24,clear sky
450,Kitsuki,JP,33.4167,131.6167,69.6,83,75,5.75,2022-05-30 23:27:24,broken clouds
451,Huilong,CN,31.8111,121.655,67.93,60,24,10.69,2022-05-30 23:27:24,few clouds
452,Aras,ES,42.5617,-2.356,59.41,63,0,3.44,2022-05-30 23:27:25,clear sky
453,San Pelayo,CO,8.9583,-75.8363,80.64,100,75,2.3,2022-05-30 23:27:25,broken clouds
454,Port Hardy,CA,50.6996,-127.4199,57.38,77,75,9.22,2022-05-30 23:27:25,broken clouds
455,Qasigiannguit,GL,68.8193,-51.1922,37.65,88,36,3.18,2022-05-30 23:27:26,scattered clouds
456,Konza,KE,-1.7426,37.1294,55.87,92,41,2.73,2022-05-30 23:27:26,scattered clouds
457,Pizhma,RU,57.8642,47.1171,44.71,98,10,5.12,2022-05-30 23:27:26,clear sky
458,Zharkent,KZ,44.1628,80.0,59.45,77,100,4.56,2022-05-30 23:28:27,overcast clouds
459,Watsa,CD,3.0372,29.5355,62.65,97,98,2.13,2022-05-30 23:28:28,overcast clouds
460,Anzio,IT,41.4853,12.6179,72.3,92,21,13.94,2022-05-30 23:28:28,few clouds
461,Juneau,US,58.3019,-134.4197,71.6,64,0,10.36,2022-05-30 23:27:16,clear sky
462,Hambantota,LK,6.1241,81.1185,77.32,89,100,19.62,2022-05-30 23:28:28,light rain
463,Jacareacanga,BR,-6.2222,-57.7528,74.75,95,44,1.43,2022-05-30 23:28:29,scattered clouds
464,Quesnel,CA,52.9999,-122.5029,70.3,30,40,6.91,2022-05-30 23:28:29,scattered clouds
465,Tura,IN,25.5198,90.2201,72.61,93,11,4.5,2022-05-30 23:28:29,few clouds
466,Aflao,TG,6.116,1.1914,81.01,77,63,9.57,2022-05-30 23:28:29,broken clouds
467,Salta,AR,-24.7859,-65.4117,46.99,91,100,9.22,2022-05-30 23:28:30,overcast clouds
468,Manokwari,ID,-0.8667,134.0833,80.65,74,47,3.22,2022-05-30 23:28:30,scattered clouds
469,Camacha,PT,33.0833,-16.3333,56.62,94,75,16.11,2022-05-30 23:28:30,light intensity drizzle rain
470,Benguela,AO,-12.5763,13.4055,69.51,89,1,2.66,2022-05-30 23:28:30,clear sky
471,Mitsamiouli,KM,-11.3847,43.2844,78.53,68,3,8.34,2022-05-30 23:28:31,clear sky
472,Turukhansk,RU,65.8167,87.9833,46.08,76,84,13.44,2022-05-30 23:28:31,broken clouds
473,Golden,US,39.7555,-105.2211,68.7,23,95,15.99,2022-05-30 23:26:42,overcast clouds
474,Egvekinot,RU,66.3167,-179.1667,37.85,65,64,5.1,2022-05-30 23:28:31,broken clouds
475,Lumphat,KH,13.4878,106.9816,74.75,98,65,1.97,2022-05-30 23:28:32,broken clouds
476,Vila Velha,BR,-20.3297,-40.2925,76.95,78,0,8.05,2022-05-30 23:27:36,clear sky
477,Matagami,CA,49.7502,-77.6328,47.12,96,100,11.39,2022-05-30 23:28:32,heavy intensity rain
478,Mana,GF,5.6592,-53.7767,78.44,86,100,10.27,2022-05-30 23:28:32,light rain
479,Coleraine,GB,55.1333,-6.6667,46.24,88,54,8.52,2022-05-30 23:28:33,broken clouds
480,Buchanan,LR,5.8808,-10.0467,79.48,84,85,9.86,2022-05-30 23:28:33,overcast clouds
481,Kabare,CD,-2.4683,28.8242,60.62,98,95,2.55,2022-05-30 23:28:33,overcast clouds
482,Korla,CN,41.7597,86.1469,77.4,22,94,13.82,2022-05-30 23:28:34,overcast clouds
483,Valparaiso,CL,-33.0393,-71.6273,50.47,55,0,2.3,2022-05-30 23:25:50,clear sky
484,Esfahan,IR,32.6572,51.6776,55.04,14,0,1.03,2022-05-30 23:28:34,clear sky
485,Kantang,TH,7.4054,99.5156,75.29,100,75,0.0,2022-05-30 23:28:35,broken clouds
486,Malgrat De Mar,ES,41.6466,2.7414,67.1,64,99,1.36,2022-05-30 23:28:35,overcast clouds
487,Vysokogornyy,RU,50.1167,139.15,55.98,56,100,5.84,2022-05-30 23:28:35,moderate rain
488,Santiago De Cuba,CU,20.0247,-75.8219,82.51,78,75,6.91,2022-05-30 23:28:36,broken clouds
489,Coahuayana,MX,18.7333,-103.6833,85.53,55,34,7.67,2022-05-30 23:28:36,scattered clouds
490,Vidim,RU,56.4088,103.1106,50.34,90,99,10.98,2022-05-30 23:28:36,overcast clouds
491,Bethanien,NA,-26.502,17.1583,48.83,42,0,1.66,2022-05-30 23:28:36,clear sky
492,Boshnyakovo,RU,49.6333,142.1667,50.18,66,100,1.54,2022-05-30 23:28:37,overcast clouds
493,Wilmington,US,34.2257,-77.9447,82.31,75,0,9.22,2022-05-30 23:28:37,clear sky
494,Nioro,GM,13.35,-15.75,82.51,52,96,9.01,2022-05-30 23:28:37,overcast clouds
495,Yumen,CN,40.2833,97.2,67.46,22,42,9.31,2022-05-30 23:28:37,scattered clouds
496,Vao,NC,-22.6667,167.4833,76.69,85,80,14.85,2022-05-30 23:28:38,broken clouds
497,Broken Hill,AU,-31.95,141.4333,49.89,74,23,20.09,2022-05-30 23:28:38,few clouds
498,Konya,TR,38.1667,32.5,56.68,38,20,4.7,2022-05-30 23:28:38,few clouds
499,Tilichiki,RU,60.4667,166.1,41.56,70,82,5.59,2022-05-30 23:28:39,broken clouds
500,Laguna,US,38.421,-121.4238,84.49,16,0,11.5,2022-05-30 23:25:21,clear sky
501,Zaysan,KZ,47.4667,84.8667,60.94,55,99,9.98,2022-05-30 23:28:39,overcast clouds
502,Haines Junction,CA,60.7522,-137.5108,71.55,20,1,8.05,2022-05-30 23:28:39,clear sky
503,Ziro,IN,27.6333,93.8333,54.55,97,20,2.13,2022-05-30 23:29:40,few clouds
504,Walldurn,DE,49.5833,9.3667,47.82,70,35,4.5,2022-05-30 23:29:40,scattered clouds
505,Wanxian,CN,30.8039,108.3897,74.17,92,97,4.63,2022-05-30 23:29:40,overcast clouds
506,Silvan,TR,38.1419,41.0081,59.29,44,1,3.67,2022-05-30 23:29:41,clear sky
507,Toora-Khem,RU,52.4675,96.11,51.1,64,97,2.04,2022-05-30 23:29:41,overcast clouds
508,Ranong,TH,9.9658,98.6348,76.93,87,99,7.83,2022-05-30 23:29:41,overcast clouds
509,West Bay,KY,19.3667,-81.4167,84.27,81,40,12.66,2022-05-30 23:29:41,scattered clouds
510,Payakumbuh,ID,-0.2202,100.6308,67.06,91,80,3.13,2022-05-30 23:29:42,broken clouds
511,Poum,NC,-20.2333,164.0167,77.92,81,80,10.67,2022-05-30 23:29:42,broken clouds
512,Sungaipenuh,ID,-2.0833,101.3833,62.91,94,80,2.57,2022-05-30 23:29:42,broken clouds
513,Taraz,KZ,42.9,71.3667,50.41,87,75,6.71,2022-05-30 23:29:43,broken clouds
514,Komsomolskiy,UZ,40.4272,71.7189,57.92,67,0,2.3,2022-05-30 23:29:43,clear sky
515,Murupara,NZ,-38.4667,176.7,62.42,91,92,3.69,2022-05-30 23:29:43,overcast clouds
516,Katherine,AU,-14.4667,132.2667,73.72,64,40,0.0,2022-05-30 23:29:43,scattered clouds
517,Minggang,CN,32.4586,114.0486,75.94,52,100,3.13,2022-05-30 23:29:44,overcast clouds
518,Mangrol,IN,21.1167,70.1167,80.64,81,20,13.78,2022-05-30 23:29:44,few clouds
519,Anaconda,US,46.1285,-112.9423,43.79,84,100,11.12,2022-05-30 23:29:44,overcast clouds
520,Yining,CN,29.0361,114.5636,74.35,94,79,1.59,2022-05-30 23:29:44,broken clouds
521,Feleacu,RO,46.7167,23.6167,52.7,94,20,5.01,2022-05-30 23:29:45,light rain
522,Masuguru,TZ,-11.3667,38.4167,69.33,82,23,2.8,2022-05-30 23:29:45,few clouds
523,Vauvert,FR,43.7,4.2833,65.79,55,0,4.61,2022-05-30 23:29:45,clear sky
524,Kalmunai,LK,7.4167,81.8167,77.74,84,92,7.9,2022-05-30 23:29:46,overcast clouds
525,Longyan,CN,25.1072,117.0225,75.78,94,100,2.71,2022-05-30 23:29:46,overcast clouds
526,Noyabrsk,RU,63.1994,75.4507,43.27,67,13,12.39,2022-05-30 23:29:46,few clouds
527,Neiafu,TO,-18.65,-173.9833,83.08,78,40,5.75,2022-05-30 23:29:46,scattered clouds
528,Warri,NG,5.5167,5.75,76.14,94,100,3.85,2022-05-30 23:29:47,overcast clouds
529,Black Forest,US,39.0131,-104.7008,63.63,14,0,25.32,2022-05-30 23:29:47,clear sky
530,Amapa,BR,1.0,-52.0,72.61,98,100,2.33,2022-05-30 23:29:47,heavy intensity rain
531,Trairi,BR,-3.2778,-39.2689,76.48,91,15,8.23,2022-05-30 23:29:23,few clouds
532,Sereflikochisar,TR,38.9393,33.5386,67.68,53,48,7.94,2022-05-30 23:29:48,scattered clouds
533,Saint-Joseph,RE,-21.3667,55.6167,68.38,74,17,12.64,2022-05-30 23:29:48,few clouds
534,Buta,CD,2.7858,24.73,68.41,95,11,1.12,2022-05-30 23:29:48,few clouds
535,Port-Cartier,CA,50.0334,-66.8654,53.82,45,94,9.17,2022-05-30 23:29:48,overcast clouds
536,Sirjan,IR,29.452,55.6814,65.25,10,1,3.2,2022-05-30 23:29:49,clear sky
537,Tinskoy,RU,56.1525,96.9161,53.22,84,46,11.92,2022-05-30 23:29:49,scattered clouds
538,Chifeng,CN,42.2683,118.9636,59.14,33,96,1.41,2022-05-30 23:29:49,overcast clouds
539,Guerrero Negro,MX,27.9769,-114.0611,67.48,63,4,21.92,2022-05-30 23:29:49,clear sky
540,Camana,PE,-16.6228,-72.7111,63.99,77,94,5.39,2022-05-30 23:29:50,overcast clouds
541,Sandviken,SE,60.6167,16.7667,49.1,85,80,4.38,2022-05-30 23:29:50,broken clouds
542,Freeport,US,40.6576,-73.5832,84.42,68,0,20.71,2022-05-30 23:29:50,clear sky
543,Kirakira,SB,-10.4544,161.9205,83.8,73,34,5.06,2022-05-30 23:29:51,scattered clouds
544,Hualmay,PE,-11.0964,-77.6139,63.21,82,71,9.24,2022-05-30 23:29:51,broken clouds
545,Port Hedland,AU,-20.3167,118.5667,57.25,94,100,13.8,2022-05-30 23:29:51,overcast clouds
546,Hopkinsville,US,36.8656,-87.4886,84.15,73,94,10.33,2022-05-30 23:29:51,overcast clouds
547,Vredendal,ZA,-31.6683,18.5012,50.36,50,0,3.71,2022-05-30 23:29:52,clear sky
548,Verkhnyaya Inta,RU,65.9811,60.3094,46.42,52,19,4.29,2022-05-30 23:29:52,few clouds
549,Beidao,CN,34.5686,105.8933,63.19,78,100,2.62,2022-05-30 23:30:52,overcast clouds
550,Chilca,PE,-12.5211,-76.7372,62.13,84,95,5.1,2022-05-30 23:30:53,overcast clouds
551,Lakes Entrance,AU,-37.8811,147.981,51.17,74,89,19.13,2022-05-30 23:30:53,overcast clouds
552,Belyy Yar,RU,53.6039,91.3903,64.29,59,0,2.24,2022-05-30 23:30:53,clear sky
553,Surt,LY,31.2089,16.5887,77.4,39,49,12.3,2022-05-30 23:30:53,scattered clouds
554,Lasa,IT,46.6166,10.7002,52.7,94,85,3.06,2022-05-30 23:30:54,overcast clouds
555,Praxedis Guerrero,MX,31.3667,-106.0167,92.66,8,1,20.58,2022-05-30 23:30:54,clear sky
556,Kamiiso,JP,41.8167,140.65,50.38,87,75,19.57,2022-05-30 23:30:54,moderate rain
557,Leh,IN,34.1667,77.5833,44.62,77,71,5.44,2022-05-30 23:30:54,broken clouds
558,Pangai,TO,-19.8,-174.35,82.51,83,40,6.91,2022-05-30 23:30:55,scattered clouds
559,Bilibino,RU,68.0546,166.4372,58.32,41,100,14.61,2022-05-30 23:30:55,overcast clouds
560,Port Macquarie,AU,-31.4333,152.9167,65.89,51,31,14.7,2022-05-30 23:28:42,scattered clouds
561,Seymchan,RU,62.8833,152.4333,57.72,52,92,11.54,2022-05-30 23:30:55,overcast clouds
562,Barraute,CA,48.4335,-77.6328,70.07,90,100,8.23,2022-05-30 23:30:56,overcast clouds
563,Soe,ID,-9.8607,124.284,73.44,74,74,0.18,2022-05-30 23:30:56,broken clouds
564,Nassau,US,40.7507,-73.5829,85.87,67,0,11.5,2022-05-30 23:30:56,clear sky
565,Cockburn Town,TC,21.4612,-71.1419,80.04,83,67,20.38,2022-05-30 23:30:56,broken clouds
566,Rock Sound,BS,24.9,-76.2,77.49,74,95,18.07,2022-05-30 23:30:57,light rain
567,Uyskoye,RU,54.3775,60.0047,45.54,89,23,7.34,2022-05-30 23:30:57,few clouds
568,Brae,GB,60.3964,-1.353,46.71,88,15,7.29,2022-05-30 23:30:57,few clouds
569,Luanda,AO,-8.8368,13.2343,71.6,83,20,5.75,2022-05-30 23:30:58,few clouds
570,Brownsville,US,25.9018,-97.4975,87.8,72,75,20.71,2022-05-30 23:30:58,broken clouds
571,Yanam,IN,16.7333,82.2167,85.26,74,100,5.1,2022-05-30 23:30:58,overcast clouds
572,Kargasok,RU,59.0556,80.8572,48.43,81,4,6.13,2022-05-30 23:30:58,clear sky
573,Sivaki,RU,52.6333,126.75,52.38,84,98,5.68,2022-05-30 23:30:59,light rain
574,Praia Da Vitoria,PT,38.7333,-27.0667,59.25,77,40,21.45,2022-05-30 23:30:59,scattered clouds
575,Havelock,US,34.8791,-76.9013,82.36,74,0,6.91,2022-05-30 23:29:19,clear sky
576,Camabatela,AO,-8.1881,15.375,62.6,62,85,2.28,2022-05-30 23:30:59,overcast clouds
577,Gazanjyk,TM,39.2446,55.5154,74.57,23,0,10.0,2022-05-30 23:31:00,clear sky
578,Catabola,AO,-12.15,17.2833,54.48,58,2,3.44,2022-05-30 23:31:00,clear sky
579,Santa Vitoria,BR,-18.8386,-50.1214,76.44,42,63,2.21,2022-05-30 23:31:00,broken clouds
580,Puerto Colombia,CO,10.9878,-74.9547,84.29,80,9,10.76,2022-05-30 23:31:01,clear sky
581,North Bend,US,43.4065,-124.2243,59.92,80,75,13.8,2022-05-30 23:30:09,broken clouds
582,Houma,US,29.5958,-90.7195,87.01,72,40,18.41,2022-05-30 23:31:01,scattered clouds
583,Constanta,RO,44.1833,28.65,63.7,83,0,8.52,2022-05-30 23:31:02,clear sky
584,Oussouye,SN,12.485,-16.5469,77.09,67,100,4.54,2022-05-30 23:31:03,overcast clouds
585,Chiknayakanhalli,IN,13.4172,76.6228,71.02,83,93,5.32,2022-05-30 23:31:03,overcast clouds
586,Sorong,ID,-0.8833,131.25,80.2,81,95,6.89,2022-05-30 23:31:04,overcast clouds
587,Sena Madureira,BR,-9.0656,-68.6569,79.68,72,97,1.72,2022-05-30 23:31:04,overcast clouds
588,Rjukan,NO,59.8789,8.5941,49.05,96,100,3.98,2022-05-30 23:31:04,overcast clouds
589,Savannah Bight,HN,16.45,-85.85,81.91,84,96,26.82,2022-05-30 23:31:05,overcast clouds
590,Mahibadhoo,MV,3.7833,72.9667,81.41,78,100,20.78,2022-05-30 23:31:05,overcast clouds
591,Abu Dhabi,AE,24.4667,54.3667,80.62,71,0,5.75,2022-05-30 23:27:48,clear sky
592,Andros Town,BS,24.7,-77.7667,76.96,78,99,15.86,2022-05-30 23:31:06,moderate rain
593,Fernie,CA,49.5,-115.0687,57.88,50,96,6.04,2022-05-30 23:31:06,overcast clouds
594,Pajapan,MX,18.25,-94.7,80.76,67,100,13.89,2022-05-30 23:30:22,overcast clouds
595,Kangaatsiaq,GL,68.3065,-53.4641,32.16,85,4,12.84,2022-05-30 23:31:06,clear sky
596,Vallenar,CL,-28.5708,-70.7581,58.66,49,100,1.28,2022-05-30 23:31:07,overcast clouds
597,Maragogi,BR,-9.0122,-35.2225,76.64,90,99,7.05,2022-05-30 23:31:07,overcast clouds
598,Keningau,MY,5.3378,116.1602,76.71,80,98,1.95,2022-05-30 23:32:07,overcast clouds
599,Nanakuli,US,21.3906,-158.1547,84.15,54,100,13.8,2022-05-30 23:32:07,overcast clouds
600,Zapolyarnyy,RU,69.4154,30.8136,40.28,60,13,5.12,2022-05-30 23:32:08,few clouds
601,Poya,NC,-21.35,165.15,80.92,68,92,2.64,2022-05-30 23:32:08,overcast clouds
602,Banjarmasin,ID,-3.3244,114.591,77.14,85,19,3.06,2022-05-30 23:32:08,few clouds
603,Coventry,GB,52.4066,-1.5122,50.07,91,75,3.44,2022-05-30 23:29:38,broken clouds
604,Qandala,SO,11.472,49.8728,84.33,56,52,2.53,2022-05-30 23:32:09,broken clouds
605,Lomza,PL,53.1781,22.0593,45.03,96,70,7.99,2022-05-30 23:27:54,broken clouds
606,Cabedelo,BR,-6.9811,-34.8339,77.67,88,77,9.04,2022-05-30 23:32:09,broken clouds
607,Gucheng,CN,35.9115,111.3192,76.21,15,100,1.92,2022-05-30 23:32:09,overcast clouds
608,Villamartin,ES,36.8598,-5.6449,64.35,78,64,2.08,2022-05-30 23:32:10,broken clouds
609,Cheyenne,US,41.14,-104.8203,59.32,30,75,21.0,2022-05-30 23:32:10,broken clouds
610,Pokrovskoye,RU,47.4157,38.8971,66.29,75,82,6.91,2022-05-30 23:32:10,broken clouds
611,Tecoanapa,MX,16.5167,-98.75,83.35,73,100,12.24,2022-05-30 23:32:11,overcast clouds
612,Martapura,ID,-3.4167,114.85,77.09,94,0,3.44,2022-05-30 23:32:11,clear sky
613,Youhao,CN,47.8667,128.8333,56.7,71,84,5.32,2022-05-30 23:32:11,broken clouds
614,Ketchikan,US,55.3422,-131.6461,66.67,52,0,5.75,2022-05-30 23:32:11,clear sky
615,Teodoro Sampaio,BR,-22.5325,-52.1675,66.76,96,91,8.03,2022-05-30 23:30:41,light rain
616,Sisimiut,GL,66.9395,-53.6735,39.78,62,4,14.45,2022-05-30 23:32:12,clear sky
617,Midland,US,31.9974,-102.0779,100.8,12,0,13.8,2022-05-30 23:29:57,clear sky
618,Bogorodskoye,RU,56.55,37.8833,52.29,79,100,5.95,2022-05-30 23:32:12,overcast clouds
619,Kasongo-Lunda,CD,-6.4667,16.8167,71.17,63,72,1.72,2022-05-30 23:32:12,broken clouds
620,Kaeo,NZ,-35.1,173.7833,66.33,97,99,10.04,2022-05-30 23:32:13,overcast clouds
621,Saint-Remy-De-Provence,FR,43.7885,4.8317,65.5,58,0,3.44,2022-05-30 23:28:26,clear sky
622,Enid,US,36.3956,-97.8784,90.01,51,0,26.46,2022-05-30 23:29:53,clear sky
623,Grindavik,IS,63.8424,-22.4338,48.15,100,75,6.91,2022-05-30 23:32:13,fog
624,Nara,JP,34.6851,135.8049,65.57,92,100,2.44,2022-05-30 23:27:24,overcast clouds
625,Wajir,KE,1.7471,40.0573,75.11,71,90,13.22,2022-05-30 23:32:13,overcast clouds
626,Shelburne,CA,44.0787,-80.2041,84.65,80,99,11.59,2022-05-30 23:32:01,overcast clouds
627,Atbasar,KZ,51.8,68.3333,61.39,75,84,8.7,2022-05-30 23:32:14,broken clouds
628,Stavern,NO,59.0,10.0333,53.08,88,87,10.07,2022-05-30 23:32:14,overcast clouds
629,Harper,LR,4.375,-7.7169,78.21,85,75,8.59,2022-05-30 23:32:14,broken clouds
630,Rawson,AR,-43.3002,-65.1023,41.97,58,41,11.34,2022-05-30 23:32:14,scattered clouds
631,Bafoulabe,ML,13.8065,-10.8321,96.06,29,59,5.28,2022-05-30 23:32:15,broken clouds
632,Portland,US,45.5234,-122.6762,65.66,59,75,6.91,2022-05-30 23:31:49,broken clouds
633,Alyangula,AU,-13.8483,136.4192,80.37,65,85,5.01,2022-05-30 23:32:15,overcast clouds
634,Pundaguitan,PH,6.3711,126.1689,81.25,76,100,6.08,2022-05-30 23:32:16,moderate rain
635,Vanimo,PG,-2.6741,141.3028,75.2,93,100,3.31,2022-05-30 23:32:16,light rain
636,Nemours,FR,48.2751,2.6908,51.31,73,31,6.15,2022-05-30 23:32:16,scattered clouds
637,Buala,SB,-8.145,159.5921,85.44,60,60,9.04,2022-05-30 23:32:16,broken clouds
638,Pryazha,RU,61.6926,33.6216,43.83,94,6,3.44,2022-05-30 23:32:17,clear sky
639,Novosil,RU,52.9739,37.0405,56.16,93,100,9.57,2022-05-30 23:32:17,overcast clouds
640,Santa Cruz De La Palma,ES,28.6835,-17.7642,73.54,53,0,17.27,2022-05-30 23:32:17,clear sky
641,Flagstaff,US,35.1981,-111.6513,72.52,14,0,16.11,2022-05-30 23:30:01,clear sky
642,Aripuana,BR,-9.1667,-60.6333,77.74,72,68,1.45,2022-05-30 23:32:18,broken clouds
643,Ramnagar,IN,29.4,79.1167,78.66,28,0,6.38,2022-05-30 23:32:18,clear sky
644,Jhajjar,IN,28.6063,76.6565,82.51,13,0,6.2,2022-05-30 23:33:18,clear sky
645,Nanae,JP,41.8833,140.6833,50.23,87,75,19.57,2022-05-30 23:33:19,broken clouds
646,Tomatlan,MX,19.9333,-105.25,83.23,58,67,10.38,2022-05-30 23:33:19,broken clouds
647,Brokopondo,SR,4.75,-55.1667,76.66,91,96,8.34,2022-05-30 23:33:19,moderate rain
648,Itoman,JP,26.1247,127.6694,81.37,94,75,10.36,2022-05-30 23:33:19,broken clouds
649,Chaozhou,CN,23.6651,116.6379,82.26,85,97,3.65,2022-05-30 23:33:20,overcast clouds
650,Muzhi,RU,65.3667,64.6667,44.08,56,45,5.82,2022-05-30 23:33:20,scattered clouds
651,Gimli,CA,50.6336,-96.9907,57.22,100,100,17.27,2022-05-30 23:29:41,moderate rain
652,Vercelli,IT,45.3231,8.4153,63.75,80,87,3.56,2022-05-30 23:31:37,overcast clouds
653,Moose Factory,CA,51.2585,-80.6094,48.18,87,100,10.36,2022-05-30 23:33:20,overcast clouds
654,Iskilip,TR,40.7353,34.4739,63.07,70,94,3.18,2022-05-30 23:33:21,overcast clouds
655,Bournemouth,GB,50.7205,-1.8795,52.86,88,76,6.6,2022-05-30 23:33:21,broken clouds
656,Novoseleznevo,RU,55.6821,69.2056,51.24,95,100,6.35,2022-05-30 23:33:21,overcast clouds
657,Hirara,JP,24.8,125.2833,82.67,94,75,11.5,2022-05-30 23:33:22,broken clouds
658,Yendi,GH,9.4427,-0.0099,79.38,74,86,3.42,2022-05-30 23:33:22,light rain
659,Tromso,NO,69.6496,18.957,53.38,62,9,2.3,2022-05-30 23:30:20,clear sky
660,Sandpoint,US,48.2766,-116.5533,70.41,56,100,10.36,2022-05-30 23:29:11,overcast clouds
661,Fremont,US,37.5483,-121.9886,82.38,46,0,19.57,2022-05-30 23:30:05,clear sky
662,Bambanglipuro,ID,-7.95,110.2833,76.96,85,64,2.39,2022-05-30 23:33:22,broken clouds
663,Xichang,CN,27.8964,102.2634,62.96,84,95,0.76,2022-05-30 23:33:23,overcast clouds
664,Cubuk,TR,40.2386,33.0322,65.66,55,0,12.66,2022-05-30 23:33:23,clear sky
665,Springbok,ZA,-29.6643,17.8865,42.64,42,0,3.49,2022-05-30 23:33:23,clear sky
666,College,US,64.8569,-147.8028,77.0,28,20,9.22,2022-05-30 23:33:24,few clouds
667,Yar-Sale,RU,66.8333,70.8333,38.89,59,22,13.04,2022-05-30 23:33:24,few clouds
668,Hohoe,GH,7.1518,0.4736,73.76,94,74,4.47,2022-05-30 23:33:24,broken clouds
669,Kiama,AU,-34.6833,150.8667,60.01,59,39,15.01,2022-05-30 23:33:24,scattered clouds
670,Geraldton,AU,-28.7667,114.6,54.01,71,100,6.91,2022-05-30 23:33:25,overcast clouds
671,Kieta,PG,-6.2167,155.6333,84.27,67,57,3.74,2022-05-30 23:33:25,broken clouds
672,Dromolaxia,CY,34.8761,33.586,78.73,56,0,3.44,2022-05-30 23:33:25,clear sky
673,Kinshasa,CD,-4.3246,15.3215,74.8,81,45,2.42,2022-05-30 23:32:18,scattered clouds
674,Andreyevka,RU,55.9803,37.135,56.89,72,0,4.47,2022-05-30 23:33:26,clear sky
675,Langres,FR,47.8333,5.3333,42.19,80,74,5.77,2022-05-30 23:33:26,broken clouds
676,Otjiwarongo,NA,-20.4637,16.6477,55.08,41,0,9.46,2022-05-30 23:33:26,clear sky
677,Trat,TH,12.5,102.5,83.88,89,98,2.33,2022-05-30 23:33:27,overcast clouds
